<?xml version="1.0" encoding="UTF-8" standalone="yes"?>
<scsimulator_matrix>
    <trip name="paraiso_random_walk_60" origin="1990934598" destination="1953466367" link_origin="5498" count="1" digital_rails_capable="false" mode="car" start="2185"/>
    <trip name="paraiso_random_walk_70" origin="60609874" destination="1990934598" link_origin="3357" count="1" digital_rails_capable="false" mode="car" start="181"/>
    <trip name="paraiso_random_walk_80" origin="1990934598" destination="1953466367" link_origin="5498" count="1" digital_rails_capable="false" mode="car" start="1065"/>
    <trip name="paraiso_random_walk_90" origin="60609874" destination="1990911135" link_origin="3357" count="1" digital_rails_capable="false" mode="car" start="3351"/>
    <trip name="paraiso_random_walk_100" origin="1990934598" destination="1953466367" link_origin="5498" count="1" digital_rails_capable="false" mode="car" start="3348"/>
    <trip name="paraiso_random_walk_110" origin="1990934598" destination="1953466363" link_origin="5498" count="1" digital_rails_capable="false" mode="car" start="2748"/>
    <trip name="paraiso_random_walk_150" origin="60609874" destination="303863453" link_origin="3357" count="1" digital_rails_capable="false" mode="car" start="238"/>
    <trip name="paraiso_random_walk_160" origin="1990934598" destination="1953466363" link_origin="5498" count="1" digital_rails_capable="false" mode="car" start="1480"/>
    <trip name="paraiso_random_walk_170" origin="1990934598" destination="1990911135" link_origin="5498" count="1" digital_rails_capable="false" mode="car" start="2088"/>
    <trip name="paraiso_random_walk_180" origin="60609874" destination="303863453" link_origin="3357" count="1" digital_rails_capable="false" mode="car" start="1077"/>
    <trip name="paraiso_random_walk_190" origin="60609874" destination="303863453" link_origin="3357" count="1" digital_rails_capable="false" mode="car" start="616"/>
    <trip name="paraiso_random_walk_210" origin="60609874" destination="1953466363" link_origin="3357" count="1" digital_rails_capable="false" mode="car" start="2105"/>
    <trip name="paraiso_random_walk_230" origin="1990934598" destination="1990911135" link_origin="5498" count="1" digital_rails_capable="false" mode="car" start="3267"/>
    <trip name="paraiso_random_walk_240" origin="1990934598" destination="1953466363" link_origin="5498" count="1" digital_rails_capable="false" mode="car" start="1364"/>
    <trip name="paraiso_random_walk_250" origin="60609874" destination="1990934598" link_origin="3357" count="1" digital_rails_capable="false" mode="car" start="552"/>
    <trip name="paraiso_random_walk_310" origin="60609874" destination="303863453" link_origin="3357" count="1" digital_rails_capable="false" mode="car" start="2140"/>
    <trip name="paraiso_random_walk_340" origin="60609874" destination="303863453" link_origin="3357" count="1" digital_rails_capable="false" mode="car" start="68"/>
    <trip name="paraiso_random_walk_350" origin="60609874" destination="1990911135" link_origin="3357" count="1" digital_rails_capable="false" mode="car" start="2549"/>
    <trip name="paraiso_random_walk_370" origin="1990934598" destination="1990911135" link_origin="5498" count="1" digital_rails_capable="false" mode="car" start="1165"/>
    <trip name="paraiso_random_walk_400" origin="60609874" destination="1990911135" link_origin="3357" count="1" digital_rails_capable="false" mode="car" start="1866"/>
    <trip name="paraiso_random_walk_410" origin="1990934598" destination="1953466363" link_origin="5498" count="1" digital_rails_capable="false" mode="car" start="3115"/>
    <trip name="paraiso_random_walk_430" origin="1990934598" destination="1953466363" link_origin="5498" count="1" digital_rails_capable="false" mode="car" start="2950"/>
    <trip name="paraiso_random_walk_440" origin="60609874" destination="1953466363" link_origin="3357" count="1" digital_rails_capable="false" mode="car" start="3457"/>
    <trip name="paraiso_random_walk_450" origin="60609874" destination="1953466367" link_origin="3357" count="1" digital_rails_capable="false" mode="car" start="106"/>
    <trip name="paraiso_random_walk_500" origin="60609874" destination="1990911135" link_origin="3357" count="1" digital_rails_capable="false" mode="car" start="910"/>
    <trip name="paraiso_random_walk_510" origin="60609874" destination="303863453" link_origin="3357" count="1" digital_rails_capable="false" mode="car" start="2884"/>
    <trip name="paraiso_random_walk_530" origin="1990934598" destination="1990911135" link_origin="5498" count="1" digital_rails_capable="false" mode="car" start="1623"/>
    <trip name="paraiso_random_walk_550" origin="1990934598" destination="1990911135" link_origin="5498" count="1" digital_rails_capable="false" mode="car" start="1036"/>
    <trip name="paraiso_random_walk_590" origin="1990934598" destination="1953466367" link_origin="5498" count="1" digital_rails_capable="false" mode="car" start="2237"/>
    <trip name="paraiso_random_walk_600" origin="1990934598" destination="1990911135" link_origin="5498" count="1" digital_rails_capable="false" mode="car" start="1975"/>
    <trip name="paraiso_random_walk_630" origin="60609874" destination="303863453" link_origin="3357" count="1" digital_rails_capable="false" mode="car" start="2399"/>
    <trip name="paraiso_random_walk_640" origin="1990934598" destination="1953466363" link_origin="5498" count="1" digital_rails_capable="false" mode="car" start="874"/>
    <trip name="paraiso_random_walk_670" origin="60609874" destination="1990934598" link_origin="3357" count="1" digital_rails_capable="false" mode="car" start="1655"/>
    <trip name="paraiso_random_walk_680" origin="60609874" destination="1953466363" link_origin="3357" count="1" digital_rails_capable="false" mode="car" start="1329"/>
    <trip name="paraiso_random_walk_700" origin="60609874" destination="303863453" link_origin="3357" count="1" digital_rails_capable="false" mode="car" start="2787"/>
    <trip name="paraiso_random_walk_720" origin="1990934598" destination="1953466367" link_origin="5498" count="1" digital_rails_capable="false" mode="car" start="3434"/>
    <trip name="paraiso_random_walk_730" origin="60609874" destination="1990911135" link_origin="3357" count="1" digital_rails_capable="false" mode="car" start="675"/>
    <trip name="paraiso_random_walk_740" origin="60609874" destination="1953466367" link_origin="3357" count="1" digital_rails_capable="false" mode="car" start="3173"/>
    <trip name="paraiso_random_walk_800" origin="60609874" destination="1953466363" link_origin="3357" count="1" digital_rails_capable="false" mode="car" start="3208"/>
    <trip name="paraiso_random_walk_840" origin="60609874" destination="1953466363" link_origin="3357" count="1" digital_rails_capable="false" mode="car" start="653"/>
    <trip name="paraiso_random_walk_870" origin="60609874" destination="1953466363" link_origin="3357" count="1" digital_rails_capable="false" mode="car" start="1145"/>
    <trip name="paraiso_random_walk_890" origin="60609874" destination="303863453" link_origin="3357" count="1" digital_rails_capable="false" mode="car" start="530"/>
    <trip name="paraiso_random_walk_920" origin="60609874" destination="1953466367" link_origin="3357" count="1" digital_rails_capable="false" mode="car" start="1702"/>
    <trip name="paraiso_random_walk_930" origin="1990934598" destination="1953466363" link_origin="5498" count="1" digital_rails_capable="false" mode="car" start="3271"/>
    <trip name="paraiso_random_walk_940" origin="60609874" destination="1990911135" link_origin="3357" count="1" digital_rails_capable="false" mode="car" start="149"/>
    <trip name="paraiso_random_walk_950" origin="60609874" destination="1953466363" link_origin="3357" count="1" digital_rails_capable="false" mode="car" start="347"/>
    <trip name="paraiso_random_walk_960" origin="1990934598" destination="1953466363" link_origin="5498" count="1" digital_rails_capable="false" mode="car" start="2898"/>
    <trip name="paraiso_random_walk_980" origin="60609874" destination="1990911135" link_origin="3357" count="1" digital_rails_capable="false" mode="car" start="1301"/>
    <trip name="paraiso_random_walk_990" origin="60609874" destination="1953466367" link_origin="3357" count="1" digital_rails_capable="false" mode="car" start="1743"/>
    <trip name="paraiso_random_walk_1000" origin="60609874" destination="1953466367" link_origin="3357" count="1" digital_rails_capable="false" mode="car" start="2191"/>
    <trip name="paraiso_random_walk_1040" origin="60609874" destination="1990934598" link_origin="3357" count="1" digital_rails_capable="false" mode="car" start="1576"/>
    <trip name="paraiso_random_walk_1080" origin="1990934598" destination="1990911135" link_origin="5498" count="1" digital_rails_capable="false" mode="car" start="145"/>
    <trip name="paraiso_random_walk_1140" origin="60609874" destination="303863453" link_origin="3357" count="1" digital_rails_capable="false" mode="car" start="583"/>
    <trip name="paraiso_random_walk_1150" origin="1990934598" destination="1953466367" link_origin="5498" count="1" digital_rails_capable="false" mode="car" start="1845"/>
    <trip name="paraiso_random_walk_1160" origin="60609874" destination="1990911135" link_origin="3357" count="1" digital_rails_capable="false" mode="car" start="2085"/>
    <trip name="paraiso_random_walk_1170" origin="60609874" destination="1953466363" link_origin="3357" count="1" digital_rails_capable="false" mode="car" start="3030"/>
    <trip name="paraiso_random_walk_1200" origin="1990934598" destination="1990911135" link_origin="5498" count="1" digital_rails_capable="false" mode="car" start="609"/>
    <trip name="paraiso_random_walk_1240" origin="1990934598" destination="1953466363" link_origin="5498" count="1" digital_rails_capable="false" mode="car" start="3259"/>
    <trip name="paraiso_random_walk_1250" origin="60609874" destination="1953466363" link_origin="3357" count="1" digital_rails_capable="false" mode="car" start="3405"/>
    <trip name="paraiso_random_walk_1270" origin="60609874" destination="1990911135" link_origin="3357" count="1" digital_rails_capable="false" mode="car" start="2404"/>
    <trip name="paraiso_random_walk_1280" origin="60609874" destination="1953466367" link_origin="3357" count="1" digital_rails_capable="false" mode="car" start="1168"/>
    <trip name="paraiso_random_walk_1290" origin="1990934598" destination="1953466367" link_origin="5498" count="1" digital_rails_capable="false" mode="car" start="615"/>
    <trip name="paraiso_random_walk_1320" origin="1990934598" destination="1953466367" link_origin="5498" count="1" digital_rails_capable="false" mode="car" start="2973"/>
    <trip name="paraiso_random_walk_1360" origin="60609874" destination="1953466363" link_origin="3357" count="1" digital_rails_capable="false" mode="car" start="2104"/>
    <trip name="paraiso_random_walk_1370" origin="60609874" destination="303863453" link_origin="3357" count="1" digital_rails_capable="false" mode="car" start="9"/>
    <trip name="paraiso_random_walk_1380" origin="1990934598" destination="1953466363" link_origin="5498" count="1" digital_rails_capable="false" mode="car" start="3508"/>
    <trip name="paraiso_random_walk_1390" origin="1990934598" destination="1990911135" link_origin="5498" count="1" digital_rails_capable="false" mode="car" start="2195"/>
    <trip name="paraiso_random_walk_1400" origin="60609874" destination="1953466367" link_origin="3357" count="1" digital_rails_capable="false" mode="car" start="1098"/>
    <trip name="paraiso_random_walk_1410" origin="60609874" destination="1953466363" link_origin="3357" count="1" digital_rails_capable="false" mode="car" start="788"/>
    <trip name="paraiso_random_walk_1420" origin="60609874" destination="1990911135" link_origin="3357" count="1" digital_rails_capable="false" mode="car" start="2064"/>
    <trip name="paraiso_random_walk_1450" origin="60609874" destination="1990934598" link_origin="3357" count="1" digital_rails_capable="false" mode="car" start="821"/>
    <trip name="paraiso_random_walk_1470" origin="1990934598" destination="1953466367" link_origin="5498" count="1" digital_rails_capable="false" mode="car" start="880"/>
    <trip name="paraiso_random_walk_1480" origin="60609874" destination="1953466363" link_origin="3357" count="1" digital_rails_capable="false" mode="car" start="3158"/>
    <trip name="paraiso_random_walk_1490" origin="1990934598" destination="1953466363" link_origin="5498" count="1" digital_rails_capable="false" mode="car" start="1956"/>
    <trip name="paraiso_random_walk_1520" origin="60609874" destination="303863453" link_origin="3357" count="1" digital_rails_capable="false" mode="car" start="3260"/>
    <trip name="paraiso_random_walk_1540" origin="60609874" destination="303863453" link_origin="3357" count="1" digital_rails_capable="false" mode="car" start="1583"/>
    <trip name="paraiso_random_walk_1560" origin="60609874" destination="1953466363" link_origin="3357" count="1" digital_rails_capable="false" mode="car" start="263"/>
    <trip name="paraiso_random_walk_1570" origin="60609874" destination="1990934598" link_origin="3357" count="1" digital_rails_capable="false" mode="car" start="2070"/>
    <trip name="paraiso_random_walk_1590" origin="60609874" destination="1990934598" link_origin="3357" count="1" digital_rails_capable="false" mode="car" start="1216"/>
    <trip name="paraiso_random_walk_1600" origin="60609874" destination="303863453" link_origin="3357" count="1" digital_rails_capable="false" mode="car" start="1487"/>
    <trip name="paraiso_random_walk_1610" origin="60609874" destination="1953466363" link_origin="3357" count="1" digital_rails_capable="false" mode="car" start="2969"/>
    <trip name="paraiso_random_walk_1620" origin="60609874" destination="1953466367" link_origin="3357" count="1" digital_rails_capable="false" mode="car" start="2549"/>
    <trip name="paraiso_random_walk_1640" origin="60609874" destination="1953466363" link_origin="3357" count="1" digital_rails_capable="false" mode="car" start="828"/>
    <trip name="paraiso_random_walk_1700" origin="1990934598" destination="1953466367" link_origin="5498" count="1" digital_rails_capable="false" mode="car" start="3187"/>
    <trip name="paraiso_random_walk_1710" origin="60609874" destination="1953466363" link_origin="3357" count="1" digital_rails_capable="false" mode="car" start="3288"/>
    <trip name="paraiso_random_walk_1760" origin="60609874" destination="1953466363" link_origin="3357" count="1" digital_rails_capable="false" mode="car" start="2342"/>
    <trip name="paraiso_random_walk_1790" origin="1990934598" destination="1990911135" link_origin="5498" count="1" digital_rails_capable="false" mode="car" start="3067"/>
    <trip name="paraiso_random_walk_1810" origin="1990934598" destination="1990911135" link_origin="5498" count="1" digital_rails_capable="false" mode="car" start="3531"/>
    <trip name="paraiso_random_walk_1830" origin="60609874" destination="1953466363" link_origin="3357" count="1" digital_rails_capable="false" mode="car" start="2204"/>
    <trip name="paraiso_random_walk_1840" origin="60609874" destination="303863453" link_origin="3357" count="1" digital_rails_capable="false" mode="car" start="431"/>
    <trip name="paraiso_random_walk_1870" origin="1990934598" destination="1953466367" link_origin="5498" count="1" digital_rails_capable="false" mode="car" start="3517"/>
    <trip name="paraiso_random_walk_1890" origin="1990934598" destination="1953466363" link_origin="5498" count="1" digital_rails_capable="false" mode="car" start="1212"/>
    <trip name="paraiso_random_walk_1920" origin="60609874" destination="1990911135" link_origin="3357" count="1" digital_rails_capable="false" mode="car" start="3534"/>
    <trip name="paraiso_random_walk_1930" origin="60609874" destination="1990911135" link_origin="3357" count="1" digital_rails_capable="false" mode="car" start="2885"/>
    <trip name="paraiso_random_walk_1950" origin="60609874" destination="1990911135" link_origin="3357" count="1" digital_rails_capable="false" mode="car" start="2160"/>
    <trip name="paraiso_random_walk_1960" origin="1990934598" destination="1990911135" link_origin="5498" count="1" digital_rails_capable="false" mode="car" start="412"/>
    <trip name="paraiso_random_walk_1970" origin="60609874" destination="1990911135" link_origin="3357" count="1" digital_rails_capable="false" mode="car" start="3189"/>
    <trip name="paraiso_random_walk_2000" origin="1990934598" destination="1953466367" link_origin="5498" count="1" digital_rails_capable="false" mode="car" start="695"/>
    <trip name="paraiso_random_walk_2040" origin="60609874" destination="303863453" link_origin="3357" count="1" digital_rails_capable="false" mode="car" start="1651"/>
    <trip name="paraiso_random_walk_2050" origin="60609874" destination="1953466363" link_origin="3357" count="1" digital_rails_capable="false" mode="car" start="2328"/>
    <trip name="paraiso_random_walk_2060" origin="60609874" destination="1953466363" link_origin="3357" count="1" digital_rails_capable="false" mode="car" start="2478"/>
    <trip name="paraiso_random_walk_2070" origin="60609874" destination="1990934598" link_origin="3357" count="1" digital_rails_capable="false" mode="car" start="2987"/>
    <trip name="paraiso_random_walk_2100" origin="1990934598" destination="1953466363" link_origin="5498" count="1" digital_rails_capable="false" mode="car" start="3523"/>
    <trip name="paraiso_random_walk_2120" origin="1990934598" destination="1990911135" link_origin="5498" count="1" digital_rails_capable="false" mode="car" start="3559"/>
    <trip name="paraiso_random_walk_2170" origin="1990934598" destination="1990911135" link_origin="5498" count="1" digital_rails_capable="false" mode="car" start="3434"/>
    <trip name="paraiso_random_walk_2180" origin="1990934598" destination="1953466363" link_origin="5498" count="1" digital_rails_capable="false" mode="car" start="918"/>
    <trip name="paraiso_random_walk_2210" origin="60609874" destination="1953466367" link_origin="3357" count="1" digital_rails_capable="false" mode="car" start="607"/>
    <trip name="paraiso_random_walk_2220" origin="60609874" destination="303863453" link_origin="3357" count="1" digital_rails_capable="false" mode="car" start="1397"/>
    <trip name="paraiso_random_walk_2240" origin="60609874" destination="1953466367" link_origin="3357" count="1" digital_rails_capable="false" mode="car" start="3591"/>
    <trip name="paraiso_random_walk_2280" origin="1990934598" destination="1990911135" link_origin="5498" count="1" digital_rails_capable="false" mode="car" start="775"/>
    <trip name="paraiso_random_walk_2290" origin="60609874" destination="303863453" link_origin="3357" count="1" digital_rails_capable="false" mode="car" start="937"/>
    <trip name="paraiso_random_walk_2310" origin="1990934598" destination="1953466363" link_origin="5498" count="1" digital_rails_capable="false" mode="car" start="657"/>
    <trip name="paraiso_random_walk_2330" origin="60609874" destination="1990911135" link_origin="3357" count="1" digital_rails_capable="false" mode="car" start="2447"/>
    <trip name="paraiso_random_walk_2370" origin="60609874" destination="1990911135" link_origin="3357" count="1" digital_rails_capable="false" mode="car" start="1059"/>
    <trip name="paraiso_random_walk_2380" origin="60609874" destination="303863453" link_origin="3357" count="1" digital_rails_capable="false" mode="car" start="703"/>
    <trip name="paraiso_random_walk_2390" origin="60609874" destination="1953466367" link_origin="3357" count="1" digital_rails_capable="false" mode="car" start="2679"/>
    <trip name="paraiso_random_walk_2400" origin="60609874" destination="303863453" link_origin="3357" count="1" digital_rails_capable="false" mode="car" start="1605"/>
    <trip name="paraiso_random_walk_2440" origin="1990934598" destination="1990911135" link_origin="5498" count="1" digital_rails_capable="false" mode="car" start="1709"/>
    <trip name="paraiso_random_walk_2450" origin="1990934598" destination="1953466363" link_origin="5498" count="1" digital_rails_capable="false" mode="car" start="2972"/>
    <trip name="paraiso_random_walk_2460" origin="1990934598" destination="1953466363" link_origin="5498" count="1" digital_rails_capable="false" mode="car" start="3444"/>
    <trip name="paraiso_random_walk_2470" origin="60609874" destination="1953466367" link_origin="3357" count="1" digital_rails_capable="false" mode="car" start="901"/>
    <trip name="paraiso_random_walk_2480" origin="60609874" destination="1990934598" link_origin="3357" count="1" digital_rails_capable="false" mode="car" start="1557"/>
    <trip name="paraiso_random_walk_2500" origin="60609874" destination="1990911135" link_origin="3357" count="1" digital_rails_capable="false" mode="car" start="3080"/>
    <trip name="paraiso_random_walk_2520" origin="1990934598" destination="1953466367" link_origin="5498" count="1" digital_rails_capable="false" mode="car" start="956"/>
    <trip name="paraiso_random_walk_2530" origin="60609874" destination="1953466363" link_origin="3357" count="1" digital_rails_capable="false" mode="car" start="3515"/>
    <trip name="paraiso_random_walk_2540" origin="60609874" destination="1953466363" link_origin="3357" count="1" digital_rails_capable="false" mode="car" start="982"/>
    <trip name="paraiso_random_walk_2580" origin="60609874" destination="1953466363" link_origin="3357" count="1" digital_rails_capable="false" mode="car" start="1989"/>
    <trip name="paraiso_random_walk_2590" origin="1990934598" destination="1953466363" link_origin="5498" count="1" digital_rails_capable="false" mode="car" start="3511"/>
    <trip name="paraiso_random_walk_2600" origin="60609874" destination="1990934598" link_origin="3357" count="1" digital_rails_capable="false" mode="car" start="919"/>
    <trip name="paraiso_random_walk_2610" origin="1990934598" destination="1953466367" link_origin="5498" count="1" digital_rails_capable="false" mode="car" start="669"/>
    <trip name="paraiso_random_walk_2680" origin="60609874" destination="1990911135" link_origin="3357" count="1" digital_rails_capable="false" mode="car" start="1465"/>
    <trip name="paraiso_random_walk_2710" origin="1990934598" destination="1953466363" link_origin="5498" count="1" digital_rails_capable="false" mode="car" start="1928"/>
    <trip name="paraiso_random_walk_2760" origin="60609874" destination="303863453" link_origin="3357" count="1" digital_rails_capable="false" mode="car" start="599"/>
    <trip name="paraiso_random_walk_2790" origin="1990934598" destination="1953466363" link_origin="5498" count="1" digital_rails_capable="false" mode="car" start="2085"/>
    <trip name="paraiso_random_walk_2810" origin="60609874" destination="303863453" link_origin="3357" count="1" digital_rails_capable="false" mode="car" start="1297"/>
    <trip name="paraiso_random_walk_2820" origin="60609874" destination="303863453" link_origin="3357" count="1" digital_rails_capable="false" mode="car" start="2983"/>
    <trip name="paraiso_random_walk_2830" origin="60609874" destination="1953466363" link_origin="3357" count="1" digital_rails_capable="false" mode="car" start="667"/>
    <trip name="paraiso_random_walk_2860" origin="60609874" destination="1990934598" link_origin="3357" count="1" digital_rails_capable="false" mode="car" start="770"/>
    <trip name="paraiso_random_walk_2900" origin="1990934598" destination="1953466363" link_origin="5498" count="1" digital_rails_capable="false" mode="car" start="583"/>
    <trip name="paraiso_random_walk_2910" origin="1990934598" destination="1990911135" link_origin="5498" count="1" digital_rails_capable="false" mode="car" start="3347"/>
    <trip name="paraiso_random_walk_2920" origin="1990934598" destination="1990911135" link_origin="5498" count="1" digital_rails_capable="false" mode="car" start="3393"/>
    <trip name="paraiso_random_walk_2970" origin="60609874" destination="303863453" link_origin="3357" count="1" digital_rails_capable="false" mode="car" start="1244"/>
    <trip name="paraiso_random_walk_2980" origin="60609874" destination="1990934598" link_origin="3357" count="1" digital_rails_capable="false" mode="car" start="3298"/>
    <trip name="paraiso_random_walk_3000" origin="1990934598" destination="1990911135" link_origin="5498" count="1" digital_rails_capable="false" mode="car" start="2247"/>
    <trip name="paraiso_random_walk_3010" origin="60609874" destination="1990911135" link_origin="3357" count="1" digital_rails_capable="false" mode="car" start="132"/>
    <trip name="paraiso_random_walk_3020" origin="1990934598" destination="1990911135" link_origin="5498" count="1" digital_rails_capable="false" mode="car" start="3133"/>
    <trip name="paraiso_random_walk_3040" origin="1990934598" destination="1990911135" link_origin="5498" count="1" digital_rails_capable="false" mode="car" start="1105"/>
    <trip name="paraiso_random_walk_3050" origin="60609874" destination="1990934598" link_origin="3357" count="1" digital_rails_capable="false" mode="car" start="1347"/>
    <trip name="paraiso_random_walk_3070" origin="1990934598" destination="1953466363" link_origin="5498" count="1" digital_rails_capable="false" mode="car" start="1131"/>
    <trip name="paraiso_random_walk_3080" origin="60609874" destination="1990934598" link_origin="3357" count="1" digital_rails_capable="false" mode="car" start="2449"/>
    <trip name="paraiso_random_walk_3090" origin="60609874" destination="1953466363" link_origin="3357" count="1" digital_rails_capable="false" mode="car" start="2652"/>
    <trip name="paraiso_random_walk_3100" origin="60609874" destination="1953466367" link_origin="3357" count="1" digital_rails_capable="false" mode="car" start="2684"/>
    <trip name="paraiso_random_walk_3110" origin="60609874" destination="303863453" link_origin="3357" count="1" digital_rails_capable="false" mode="car" start="580"/>
    <trip name="paraiso_random_walk_3120" origin="60609874" destination="1953466363" link_origin="3357" count="1" digital_rails_capable="false" mode="car" start="2774"/>
    <trip name="paraiso_random_walk_3140" origin="60609874" destination="303863453" link_origin="3357" count="1" digital_rails_capable="false" mode="car" start="1384"/>
    <trip name="paraiso_random_walk_3150" origin="60609874" destination="1990934598" link_origin="3357" count="1" digital_rails_capable="false" mode="car" start="918"/>
    <trip name="paraiso_random_walk_3160" origin="60609874" destination="1953466363" link_origin="3357" count="1" digital_rails_capable="false" mode="car" start="3222"/>
    <trip name="paraiso_random_walk_3190" origin="60609874" destination="1990934598" link_origin="3357" count="1" digital_rails_capable="false" mode="car" start="3222"/>
    <trip name="paraiso_random_walk_3200" origin="1990934598" destination="1953466367" link_origin="5498" count="1" digital_rails_capable="false" mode="car" start="2348"/>
    <trip name="paraiso_random_walk_3220" origin="60609874" destination="1953466363" link_origin="3357" count="1" digital_rails_capable="false" mode="car" start="1517"/>
    <trip name="paraiso_random_walk_3230" origin="60609874" destination="1953466363" link_origin="3357" count="1" digital_rails_capable="false" mode="car" start="2669"/>
    <trip name="paraiso_random_walk_3240" origin="60609874" destination="1953466363" link_origin="3357" count="1" digital_rails_capable="false" mode="car" start="1593"/>
    <trip name="paraiso_random_walk_3250" origin="60609874" destination="303863453" link_origin="3357" count="1" digital_rails_capable="false" mode="car" start="227"/>
    <trip name="paraiso_random_walk_3260" origin="60609874" destination="1990934598" link_origin="3357" count="1" digital_rails_capable="false" mode="car" start="3173"/>
    <trip name="paraiso_random_walk_3270" origin="60609874" destination="303863453" link_origin="3357" count="1" digital_rails_capable="false" mode="car" start="1708"/>
    <trip name="paraiso_random_walk_3280" origin="1990934598" destination="1990911135" link_origin="5498" count="1" digital_rails_capable="false" mode="car" start="1891"/>
    <trip name="paraiso_random_walk_3290" origin="60609874" destination="1990911135" link_origin="3357" count="1" digital_rails_capable="false" mode="car" start="818"/>
    <trip name="paraiso_random_walk_3300" origin="1990934598" destination="1990911135" link_origin="5498" count="1" digital_rails_capable="false" mode="car" start="229"/>
    <trip name="paraiso_random_walk_3310" origin="1990934598" destination="1953466367" link_origin="5498" count="1" digital_rails_capable="false" mode="car" start="2978"/>
    <trip name="paraiso_random_walk_3340" origin="1990934598" destination="1953466367" link_origin="5498" count="1" digital_rails_capable="false" mode="car" start="1114"/>
    <trip name="paraiso_random_walk_3350" origin="60609874" destination="303863453" link_origin="3357" count="1" digital_rails_capable="false" mode="car" start="1104"/>
    <trip name="paraiso_random_walk_3370" origin="1990934598" destination="1953466363" link_origin="5498" count="1" digital_rails_capable="false" mode="car" start="777"/>
    <trip name="paraiso_random_walk_3380" origin="60609874" destination="303863453" link_origin="3357" count="1" digital_rails_capable="false" mode="car" start="801"/>
    <trip name="paraiso_random_walk_3390" origin="60609874" destination="303863453" link_origin="3357" count="1" digital_rails_capable="false" mode="car" start="3082"/>
    <trip name="paraiso_random_walk_3400" origin="60609874" destination="1990911135" link_origin="3357" count="1" digital_rails_capable="false" mode="car" start="2074"/>
    <trip name="paraiso_random_walk_3410" origin="60609874" destination="1953466367" link_origin="3357" count="1" digital_rails_capable="false" mode="car" start="3203"/>
    <trip name="paraiso_random_walk_3420" origin="60609874" destination="1953466367" link_origin="3357" count="1" digital_rails_capable="false" mode="car" start="785"/>
    <trip name="paraiso_random_walk_3430" origin="60609874" destination="1953466367" link_origin="3357" count="1" digital_rails_capable="false" mode="car" start="3064"/>
    <trip name="paraiso_random_walk_3440" origin="60609874" destination="1990911135" link_origin="3357" count="1" digital_rails_capable="false" mode="car" start="2760"/>
    <trip name="paraiso_random_walk_3450" origin="60609874" destination="303863453" link_origin="3357" count="1" digital_rails_capable="false" mode="car" start="3345"/>
    <trip name="paraiso_random_walk_3470" origin="60609874" destination="1953466363" link_origin="3357" count="1" digital_rails_capable="false" mode="car" start="982"/>
    <trip name="paraiso_random_walk_3480" origin="60609874" destination="1990911135" link_origin="3357" count="1" digital_rails_capable="false" mode="car" start="1331"/>
    <trip name="paraiso_random_walk_3500" origin="1990934598" destination="1953466367" link_origin="5498" count="1" digital_rails_capable="false" mode="car" start="195"/>
    <trip name="paraiso_random_walk_3510" origin="60609874" destination="1953466363" link_origin="3357" count="1" digital_rails_capable="false" mode="car" start="3257"/>
    <trip name="paraiso_random_walk_3530" origin="60609874" destination="1953466367" link_origin="3357" count="1" digital_rails_capable="false" mode="car" start="2672"/>
    <trip name="paraiso_random_walk_3540" origin="60609874" destination="1990934598" link_origin="3357" count="1" digital_rails_capable="false" mode="car" start="412"/>
    <trip name="paraiso_random_walk_3560" origin="60609874" destination="1953466363" link_origin="3357" count="1" digital_rails_capable="false" mode="car" start="329"/>
    <trip name="paraiso_random_walk_3580" origin="60609874" destination="1953466363" link_origin="3357" count="1" digital_rails_capable="false" mode="car" start="1107"/>
    <trip name="paraiso_random_walk_3590" origin="1990934598" destination="1953466367" link_origin="5498" count="1" digital_rails_capable="false" mode="car" start="1114"/>
    <trip name="paraiso_random_walk_3600" origin="60609874" destination="1953466363" link_origin="3357" count="1" digital_rails_capable="false" mode="car" start="3187"/>
    <trip name="paraiso_random_walk_3630" origin="60609874" destination="1990934598" link_origin="3357" count="1" digital_rails_capable="false" mode="car" start="3505"/>
    <trip name="paraiso_random_walk_3640" origin="1990934598" destination="1990911135" link_origin="5498" count="1" digital_rails_capable="false" mode="car" start="3394"/>
    <trip name="paraiso_random_walk_3650" origin="60609874" destination="1953466367" link_origin="3357" count="1" digital_rails_capable="false" mode="car" start="2921"/>
    <trip name="paraiso_random_walk_3680" origin="60609874" destination="303863453" link_origin="3357" count="1" digital_rails_capable="false" mode="car" start="2069"/>
    <trip name="paraiso_random_walk_3690" origin="60609874" destination="1953466363" link_origin="3357" count="1" digital_rails_capable="false" mode="car" start="2123"/>
    <trip name="paraiso_random_walk_3720" origin="60609874" destination="303863453" link_origin="3357" count="1" digital_rails_capable="false" mode="car" start="2414"/>
    <trip name="paraiso_random_walk_3740" origin="1990934598" destination="1953466367" link_origin="5498" count="1" digital_rails_capable="false" mode="car" start="232"/>
    <trip name="paraiso_random_walk_3750" origin="1990934598" destination="1990911135" link_origin="5498" count="1" digital_rails_capable="false" mode="car" start="849"/>
    <trip name="paraiso_random_walk_3790" origin="60609874" destination="1953466367" link_origin="3357" count="1" digital_rails_capable="false" mode="car" start="1177"/>
    <trip name="paraiso_random_walk_3800" origin="60609874" destination="1953466363" link_origin="3357" count="1" digital_rails_capable="false" mode="car" start="2663"/>
    <trip name="paraiso_random_walk_3820" origin="1990934598" destination="1953466363" link_origin="5498" count="1" digital_rails_capable="false" mode="car" start="1127"/>
    <trip name="paraiso_random_walk_3840" origin="60609874" destination="303863453" link_origin="3357" count="1" digital_rails_capable="false" mode="car" start="1031"/>
    <trip name="paraiso_random_walk_3870" origin="60609874" destination="1953466367" link_origin="3357" count="1" digital_rails_capable="false" mode="car" start="3291"/>
    <trip name="paraiso_random_walk_3880" origin="60609874" destination="303863453" link_origin="3357" count="1" digital_rails_capable="false" mode="car" start="3363"/>
    <trip name="paraiso_random_walk_3890" origin="1990934598" destination="1953466363" link_origin="5498" count="1" digital_rails_capable="false" mode="car" start="2652"/>
    <trip name="paraiso_random_walk_3910" origin="1990934598" destination="1953466367" link_origin="5498" count="1" digital_rails_capable="false" mode="car" start="1248"/>
    <trip name="paraiso_random_walk_3950" origin="1990934598" destination="1953466363" link_origin="5498" count="1" digital_rails_capable="false" mode="car" start="988"/>
    <trip name="paraiso_random_walk_3980" origin="1990934598" destination="1953466363" link_origin="5498" count="1" digital_rails_capable="false" mode="car" start="1411"/>
    <trip name="paraiso_random_walk_4010" origin="60609874" destination="1990911135" link_origin="3357" count="1" digital_rails_capable="false" mode="car" start="1226"/>
    <trip name="paraiso_random_walk_4020" origin="1990934598" destination="1953466363" link_origin="5498" count="1" digital_rails_capable="false" mode="car" start="2526"/>
    <trip name="paraiso_random_walk_4030" origin="60609874" destination="303863453" link_origin="3357" count="1" digital_rails_capable="false" mode="car" start="550"/>
    <trip name="paraiso_random_walk_4060" origin="1990934598" destination="1990911135" link_origin="5498" count="1" digital_rails_capable="false" mode="car" start="1580"/>
    <trip name="paraiso_random_walk_4070" origin="1990934598" destination="1953466367" link_origin="5498" count="1" digital_rails_capable="false" mode="car" start="1144"/>
    <trip name="paraiso_random_walk_4080" origin="60609874" destination="1990934598" link_origin="3357" count="1" digital_rails_capable="false" mode="car" start="3184"/>
    <trip name="paraiso_random_walk_4100" origin="60609874" destination="1990934598" link_origin="3357" count="1" digital_rails_capable="false" mode="car" start="321"/>
    <trip name="paraiso_random_walk_4110" origin="60609874" destination="1953466367" link_origin="3357" count="1" digital_rails_capable="false" mode="car" start="2189"/>
    <trip name="paraiso_random_walk_4130" origin="60609874" destination="1953466363" link_origin="3357" count="1" digital_rails_capable="false" mode="car" start="581"/>
    <trip name="paraiso_random_walk_4150" origin="1990934598" destination="1953466363" link_origin="5498" count="1" digital_rails_capable="false" mode="car" start="827"/>
    <trip name="paraiso_random_walk_4170" origin="60609874" destination="1953466367" link_origin="3357" count="1" digital_rails_capable="false" mode="car" start="1039"/>
    <trip name="paraiso_random_walk_4180" origin="60609874" destination="1990934598" link_origin="3357" count="1" digital_rails_capable="false" mode="car" start="2627"/>
    <trip name="paraiso_random_walk_4190" origin="1990934598" destination="1953466367" link_origin="5498" count="1" digital_rails_capable="false" mode="car" start="640"/>
    <trip name="paraiso_random_walk_4200" origin="60609874" destination="1953466363" link_origin="3357" count="1" digital_rails_capable="false" mode="car" start="140"/>
    <trip name="paraiso_random_walk_4210" origin="1990934598" destination="1990911135" link_origin="5498" count="1" digital_rails_capable="false" mode="car" start="1150"/>
    <trip name="paraiso_random_walk_4230" origin="1990934598" destination="1990911135" link_origin="5498" count="1" digital_rails_capable="false" mode="car" start="1554"/>
    <trip name="paraiso_random_walk_4240" origin="1990934598" destination="1953466363" link_origin="5498" count="1" digital_rails_capable="false" mode="car" start="1958"/>
    <trip name="paraiso_random_walk_4250" origin="60609874" destination="1953466363" link_origin="3357" count="1" digital_rails_capable="false" mode="car" start="1642"/>
    <trip name="paraiso_random_walk_4290" origin="60609874" destination="1953466367" link_origin="3357" count="1" digital_rails_capable="false" mode="car" start="1688"/>
    <trip name="paraiso_random_walk_4310" origin="1990934598" destination="1990911135" link_origin="5498" count="1" digital_rails_capable="false" mode="car" start="2735"/>
    <trip name="paraiso_random_walk_4320" origin="60609874" destination="1990934598" link_origin="3357" count="1" digital_rails_capable="false" mode="car" start="578"/>
    <trip name="paraiso_random_walk_4330" origin="1990934598" destination="1990911135" link_origin="5498" count="1" digital_rails_capable="false" mode="car" start="2902"/>
    <trip name="paraiso_random_walk_4370" origin="1990934598" destination="1953466363" link_origin="5498" count="1" digital_rails_capable="false" mode="car" start="1063"/>
    <trip name="paraiso_random_walk_4380" origin="1990934598" destination="1953466367" link_origin="5498" count="1" digital_rails_capable="false" mode="car" start="2672"/>
    <trip name="paraiso_random_walk_4390" origin="1990934598" destination="1990911135" link_origin="5498" count="1" digital_rails_capable="false" mode="car" start="2674"/>
    <trip name="paraiso_random_walk_4440" origin="1990934598" destination="1990911135" link_origin="5498" count="1" digital_rails_capable="false" mode="car" start="2906"/>
    <trip name="paraiso_random_walk_4460" origin="1990934598" destination="1953466367" link_origin="5498" count="1" digital_rails_capable="false" mode="car" start="1448"/>
    <trip name="paraiso_random_walk_4490" origin="60609874" destination="303863453" link_origin="3357" count="1" digital_rails_capable="false" mode="car" start="819"/>
    <trip name="paraiso_random_walk_4500" origin="60609874" destination="1990934598" link_origin="3357" count="1" digital_rails_capable="false" mode="car" start="690"/>
    <trip name="paraiso_random_walk_4510" origin="60609874" destination="1990911135" link_origin="3357" count="1" digital_rails_capable="false" mode="car" start="1131"/>
    <trip name="paraiso_random_walk_4530" origin="1990934598" destination="1953466367" link_origin="5498" count="1" digital_rails_capable="false" mode="car" start="3050"/>
    <trip name="paraiso_random_walk_4550" origin="60609874" destination="1990934598" link_origin="3357" count="1" digital_rails_capable="false" mode="car" start="3601"/>
    <trip name="paraiso_random_walk_4560" origin="1990934598" destination="1953466367" link_origin="5498" count="1" digital_rails_capable="false" mode="car" start="2596"/>
    <trip name="paraiso_random_walk_4570" origin="60609874" destination="1990911135" link_origin="3357" count="1" digital_rails_capable="false" mode="car" start="839"/>
    <trip name="paraiso_random_walk_4590" origin="1990934598" destination="1953466363" link_origin="5498" count="1" digital_rails_capable="false" mode="car" start="2331"/>
    <trip name="paraiso_random_walk_4600" origin="60609874" destination="1990934598" link_origin="3357" count="1" digital_rails_capable="false" mode="car" start="2191"/>
    <trip name="paraiso_random_walk_4610" origin="1990934598" destination="1953466367" link_origin="5498" count="1" digital_rails_capable="false" mode="car" start="1391"/>
    <trip name="paraiso_random_walk_4650" origin="60609874" destination="1990911135" link_origin="3357" count="1" digital_rails_capable="false" mode="car" start="1060"/>
    <trip name="paraiso_random_walk_4680" origin="1990934598" destination="1990911135" link_origin="5498" count="1" digital_rails_capable="false" mode="car" start="865"/>
    <trip name="paraiso_random_walk_4710" origin="60609874" destination="1990911135" link_origin="3357" count="1" digital_rails_capable="false" mode="car" start="1310"/>
    <trip name="paraiso_random_walk_4730" origin="60609874" destination="1953466363" link_origin="3357" count="1" digital_rails_capable="false" mode="car" start="1391"/>
    <trip name="paraiso_random_walk_4740" origin="1990934598" destination="1990911135" link_origin="5498" count="1" digital_rails_capable="false" mode="car" start="2372"/>
    <trip name="paraiso_random_walk_4760" origin="60609874" destination="303863453" link_origin="3357" count="1" digital_rails_capable="false" mode="car" start="3084"/>
    <trip name="paraiso_random_walk_4770" origin="1990934598" destination="1953466363" link_origin="5498" count="1" digital_rails_capable="false" mode="car" start="2634"/>
    <trip name="paraiso_random_walk_4830" origin="60609874" destination="1953466363" link_origin="3357" count="1" digital_rails_capable="false" mode="car" start="113"/>
    <trip name="paraiso_random_walk_4870" origin="60609874" destination="1990934598" link_origin="3357" count="1" digital_rails_capable="false" mode="car" start="1422"/>
    <trip name="paraiso_random_walk_4890" origin="60609874" destination="1990911135" link_origin="3357" count="1" digital_rails_capable="false" mode="car" start="1408"/>
    <trip name="paraiso_random_walk_4900" origin="60609874" destination="1953466363" link_origin="3357" count="1" digital_rails_capable="false" mode="car" start="3119"/>
    <trip name="paraiso_random_walk_4910" origin="1990934598" destination="1953466367" link_origin="5498" count="1" digital_rails_capable="false" mode="car" start="1708"/>
    <trip name="paraiso_random_walk_4930" origin="1990934598" destination="1953466367" link_origin="5498" count="1" digital_rails_capable="false" mode="car" start="2674"/>
    <trip name="paraiso_random_walk_4950" origin="1990934598" destination="1990911135" link_origin="5498" count="1" digital_rails_capable="false" mode="car" start="1643"/>
    <trip name="paraiso_random_walk_5000" origin="1990934598" destination="1953466367" link_origin="5498" count="1" digital_rails_capable="false" mode="car" start="1040"/>
    <trip name="paraiso_random_walk_5010" origin="1990934598" destination="1953466363" link_origin="5498" count="1" digital_rails_capable="false" mode="car" start="351"/>
    <trip name="paraiso_random_walk_5030" origin="60609874" destination="1990934598" link_origin="3357" count="1" digital_rails_capable="false" mode="car" start="1553"/>
    <trip name="paraiso_random_walk_5050" origin="1990934598" destination="1953466363" link_origin="5498" count="1" digital_rails_capable="false" mode="car" start="3120"/>
    <trip name="paraiso_random_walk_5060" origin="60609874" destination="303863453" link_origin="3357" count="1" digital_rails_capable="false" mode="car" start="2583"/>
    <trip name="paraiso_random_walk_5070" origin="1990934598" destination="1990911135" link_origin="5498" count="1" digital_rails_capable="false" mode="car" start="2216"/>
    <trip name="paraiso_random_walk_5090" origin="60609874" destination="1953466367" link_origin="3357" count="1" digital_rails_capable="false" mode="car" start="3090"/>
    <trip name="paraiso_random_walk_5100" origin="60609874" destination="1953466367" link_origin="3357" count="1" digital_rails_capable="false" mode="car" start="788"/>
    <trip name="paraiso_random_walk_5150" origin="60609874" destination="303863453" link_origin="3357" count="1" digital_rails_capable="false" mode="car" start="436"/>
    <trip name="paraiso_random_walk_5170" origin="60609874" destination="1953466367" link_origin="3357" count="1" digital_rails_capable="false" mode="car" start="1544"/>
    <trip name="paraiso_random_walk_5190" origin="60609874" destination="1953466363" link_origin="3357" count="1" digital_rails_capable="false" mode="car" start="429"/>
    <trip name="paraiso_random_walk_5200" origin="60609874" destination="303863453" link_origin="3357" count="1" digital_rails_capable="false" mode="car" start="2345"/>
    <trip name="paraiso_random_walk_5210" origin="1990934598" destination="1990911135" link_origin="5498" count="1" digital_rails_capable="false" mode="car" start="717"/>
    <trip name="paraiso_random_walk_5220" origin="60609874" destination="1953466363" link_origin="3357" count="1" digital_rails_capable="false" mode="car" start="1051"/>
    <trip name="paraiso_random_walk_5240" origin="1990934598" destination="1953466363" link_origin="5498" count="1" digital_rails_capable="false" mode="car" start="3471"/>
    <trip name="paraiso_random_walk_5250" origin="60609874" destination="1953466367" link_origin="3357" count="1" digital_rails_capable="false" mode="car" start="2206"/>
    <trip name="paraiso_random_walk_5270" origin="60609874" destination="303863453" link_origin="3357" count="1" digital_rails_capable="false" mode="car" start="2416"/>
    <trip name="paraiso_random_walk_5280" origin="60609874" destination="1953466363" link_origin="3357" count="1" digital_rails_capable="false" mode="car" start="2912"/>
    <trip name="paraiso_random_walk_5320" origin="60609874" destination="1990934598" link_origin="3357" count="1" digital_rails_capable="false" mode="car" start="728"/>
    <trip name="paraiso_random_walk_5330" origin="1990934598" destination="1990911135" link_origin="5498" count="1" digital_rails_capable="false" mode="car" start="816"/>
    <trip name="paraiso_random_walk_5340" origin="60609874" destination="303863453" link_origin="3357" count="1" digital_rails_capable="false" mode="car" start="2947"/>
    <trip name="paraiso_random_walk_5350" origin="60609874" destination="1990934598" link_origin="3357" count="1" digital_rails_capable="false" mode="car" start="3442"/>
    <trip name="paraiso_random_walk_5390" origin="1990934598" destination="1953466363" link_origin="5498" count="1" digital_rails_capable="false" mode="car" start="660"/>
    <trip name="paraiso_random_walk_5410" origin="1990934598" destination="1990911135" link_origin="5498" count="1" digital_rails_capable="false" mode="car" start="2791"/>
    <trip name="paraiso_random_walk_5420" origin="60609874" destination="303863453" link_origin="3357" count="1" digital_rails_capable="false" mode="car" start="3015"/>
    <trip name="paraiso_random_walk_5440" origin="1990934598" destination="1990911135" link_origin="5498" count="1" digital_rails_capable="false" mode="car" start="1912"/>
    <trip name="paraiso_random_walk_5450" origin="60609874" destination="303863453" link_origin="3357" count="1" digital_rails_capable="false" mode="car" start="1649"/>
    <trip name="paraiso_random_walk_5460" origin="1990934598" destination="1953466363" link_origin="5498" count="1" digital_rails_capable="false" mode="car" start="251"/>
    <trip name="paraiso_random_walk_5470" origin="60609874" destination="303863453" link_origin="3357" count="1" digital_rails_capable="false" mode="car" start="3559"/>
    <trip name="paraiso_random_walk_5480" origin="60609874" destination="1990911135" link_origin="3357" count="1" digital_rails_capable="false" mode="car" start="2554"/>
    <trip name="paraiso_random_walk_5530" origin="60609874" destination="1990934598" link_origin="3357" count="1" digital_rails_capable="false" mode="car" start="2033"/>
    <trip name="paraiso_random_walk_5540" origin="1990934598" destination="1990911135" link_origin="5498" count="1" digital_rails_capable="false" mode="car" start="1265"/>
    <trip name="paraiso_random_walk_5570" origin="60609874" destination="1990934598" link_origin="3357" count="1" digital_rails_capable="false" mode="car" start="2391"/>
    <trip name="paraiso_random_walk_5580" origin="60609874" destination="1990911135" link_origin="3357" count="1" digital_rails_capable="false" mode="car" start="768"/>
    <trip name="paraiso_random_walk_5610" origin="60609874" destination="1953466363" link_origin="3357" count="1" digital_rails_capable="false" mode="car" start="1288"/>
    <trip name="paraiso_random_walk_5620" origin="60609874" destination="1990911135" link_origin="3357" count="1" digital_rails_capable="false" mode="car" start="270"/>
    <trip name="paraiso_random_walk_5630" origin="1990934598" destination="1953466363" link_origin="5498" count="1" digital_rails_capable="false" mode="car" start="16"/>
    <trip name="paraiso_random_walk_5650" origin="60609874" destination="1953466363" link_origin="3357" count="1" digital_rails_capable="false" mode="car" start="2893"/>
    <trip name="paraiso_random_walk_5660" origin="60609874" destination="1990911135" link_origin="3357" count="1" digital_rails_capable="false" mode="car" start="1295"/>
    <trip name="paraiso_random_walk_5670" origin="1990934598" destination="1990911135" link_origin="5498" count="1" digital_rails_capable="false" mode="car" start="2235"/>
    <trip name="paraiso_random_walk_5680" origin="60609874" destination="1990911135" link_origin="3357" count="1" digital_rails_capable="false" mode="car" start="3366"/>
    <trip name="paraiso_random_walk_5690" origin="1990934598" destination="1953466367" link_origin="5498" count="1" digital_rails_capable="false" mode="car" start="902"/>
    <trip name="paraiso_random_walk_5710" origin="60609874" destination="1990911135" link_origin="3357" count="1" digital_rails_capable="false" mode="car" start="1924"/>
    <trip name="paraiso_random_walk_5720" origin="60609874" destination="1953466363" link_origin="3357" count="1" digital_rails_capable="false" mode="car" start="1266"/>
    <trip name="paraiso_random_walk_5730" origin="1990934598" destination="1953466367" link_origin="5498" count="1" digital_rails_capable="false" mode="car" start="532"/>
    <trip name="paraiso_random_walk_5780" origin="1990934598" destination="1953466363" link_origin="5498" count="1" digital_rails_capable="false" mode="car" start="1929"/>
    <trip name="paraiso_random_walk_5790" origin="60609874" destination="1953466363" link_origin="3357" count="1" digital_rails_capable="false" mode="car" start="246"/>
    <trip name="paraiso_random_walk_5800" origin="60609874" destination="303863453" link_origin="3357" count="1" digital_rails_capable="false" mode="car" start="2155"/>
    <trip name="paraiso_random_walk_5810" origin="60609874" destination="1990934598" link_origin="3357" count="1" digital_rails_capable="false" mode="car" start="2304"/>
    <trip name="paraiso_random_walk_5820" origin="60609874" destination="1990911135" link_origin="3357" count="1" digital_rails_capable="false" mode="car" start="993"/>
    <trip name="paraiso_random_walk_5850" origin="60609874" destination="303863453" link_origin="3357" count="1" digital_rails_capable="false" mode="car" start="603"/>
    <trip name="paraiso_random_walk_5860" origin="60609874" destination="1990911135" link_origin="3357" count="1" digital_rails_capable="false" mode="car" start="2684"/>
    <trip name="paraiso_random_walk_5880" origin="1990934598" destination="1990911135" link_origin="5498" count="1" digital_rails_capable="false" mode="car" start="2564"/>
    <trip name="paraiso_random_walk_5890" origin="60609874" destination="1990911135" link_origin="3357" count="1" digital_rails_capable="false" mode="car" start="1826"/>
    <trip name="paraiso_random_walk_5930" origin="1990934598" destination="1953466363" link_origin="5498" count="1" digital_rails_capable="false" mode="car" start="1076"/>
    <trip name="paraiso_random_walk_5940" origin="1990934598" destination="1953466363" link_origin="5498" count="1" digital_rails_capable="false" mode="car" start="568"/>
    <trip name="paraiso_random_walk_5950" origin="1990934598" destination="1953466367" link_origin="5498" count="1" digital_rails_capable="false" mode="car" start="3368"/>
    <trip name="paraiso_random_walk_6010" origin="60609874" destination="1990934598" link_origin="3357" count="1" digital_rails_capable="false" mode="car" start="723"/>
    <trip name="paraiso_random_walk_6020" origin="1990934598" destination="1953466367" link_origin="5498" count="1" digital_rails_capable="false" mode="car" start="2683"/>
    <trip name="paraiso_random_walk_6030" origin="1990934598" destination="1953466363" link_origin="5498" count="1" digital_rails_capable="false" mode="car" start="59"/>
    <trip name="paraiso_random_walk_6060" origin="1990934598" destination="1990911135" link_origin="5498" count="1" digital_rails_capable="false" mode="car" start="3416"/>
    <trip name="paraiso_random_walk_6110" origin="60609874" destination="303863453" link_origin="3357" count="1" digital_rails_capable="false" mode="car" start="1976"/>
    <trip name="paraiso_random_walk_6120" origin="1990934598" destination="1953466367" link_origin="5498" count="1" digital_rails_capable="false" mode="car" start="510"/>
    <trip name="paraiso_random_walk_6130" origin="60609874" destination="1953466363" link_origin="3357" count="1" digital_rails_capable="false" mode="car" start="2102"/>
    <trip name="paraiso_random_walk_6140" origin="60609874" destination="303863453" link_origin="3357" count="1" digital_rails_capable="false" mode="car" start="2612"/>
    <trip name="paraiso_random_walk_6180" origin="60609874" destination="303863453" link_origin="3357" count="1" digital_rails_capable="false" mode="car" start="2377"/>
    <trip name="paraiso_random_walk_6190" origin="1990934598" destination="1990911135" link_origin="5498" count="1" digital_rails_capable="false" mode="car" start="1668"/>
    <trip name="paraiso_random_walk_6200" origin="60609874" destination="1953466367" link_origin="3357" count="1" digital_rails_capable="false" mode="car" start="2839"/>
    <trip name="paraiso_random_walk_6210" origin="60609874" destination="1953466363" link_origin="3357" count="1" digital_rails_capable="false" mode="car" start="684"/>
    <trip name="paraiso_random_walk_6220" origin="1990934598" destination="1953466367" link_origin="5498" count="1" digital_rails_capable="false" mode="car" start="2127"/>
    <trip name="paraiso_random_walk_6240" origin="60609874" destination="303863453" link_origin="3357" count="1" digital_rails_capable="false" mode="car" start="1098"/>
    <trip name="paraiso_random_walk_6250" origin="1990934598" destination="1990911135" link_origin="5498" count="1" digital_rails_capable="false" mode="car" start="965"/>
    <trip name="paraiso_random_walk_6280" origin="60609874" destination="303863453" link_origin="3357" count="1" digital_rails_capable="false" mode="car" start="3289"/>
    <trip name="paraiso_random_walk_6300" origin="60609874" destination="303863453" link_origin="3357" count="1" digital_rails_capable="false" mode="car" start="3355"/>
    <trip name="paraiso_random_walk_6310" origin="60609874" destination="1990934598" link_origin="3357" count="1" digital_rails_capable="false" mode="car" start="2146"/>
    <trip name="paraiso_random_walk_6330" origin="60609874" destination="303863453" link_origin="3357" count="1" digital_rails_capable="false" mode="car" start="3430"/>
    <trip name="paraiso_random_walk_6360" origin="1990934598" destination="1990911135" link_origin="5498" count="1" digital_rails_capable="false" mode="car" start="2601"/>
    <trip name="paraiso_random_walk_6380" origin="60609874" destination="1953466363" link_origin="3357" count="1" digital_rails_capable="false" mode="car" start="919"/>
    <trip name="paraiso_random_walk_6390" origin="60609874" destination="1953466367" link_origin="3357" count="1" digital_rails_capable="false" mode="car" start="1862"/>
    <trip name="paraiso_random_walk_6400" origin="60609874" destination="1990934598" link_origin="3357" count="1" digital_rails_capable="false" mode="car" start="302"/>
    <trip name="paraiso_random_walk_6410" origin="60609874" destination="303863453" link_origin="3357" count="1" digital_rails_capable="false" mode="car" start="592"/>
    <trip name="paraiso_random_walk_6420" origin="60609874" destination="1990911135" link_origin="3357" count="1" digital_rails_capable="false" mode="car" start="1641"/>
    <trip name="paraiso_random_walk_6440" origin="1990934598" destination="1990911135" link_origin="5498" count="1" digital_rails_capable="false" mode="car" start="2197"/>
    <trip name="paraiso_random_walk_6450" origin="60609874" destination="1990911135" link_origin="3357" count="1" digital_rails_capable="false" mode="car" start="487"/>
    <trip name="paraiso_random_walk_6460" origin="60609874" destination="1990934598" link_origin="3357" count="1" digital_rails_capable="false" mode="car" start="2273"/>
    <trip name="paraiso_random_walk_6470" origin="60609874" destination="1953466363" link_origin="3357" count="1" digital_rails_capable="false" mode="car" start="2565"/>
    <trip name="paraiso_random_walk_6510" origin="60609874" destination="1953466367" link_origin="3357" count="1" digital_rails_capable="false" mode="car" start="3197"/>
    <trip name="paraiso_random_walk_6520" origin="60609874" destination="303863453" link_origin="3357" count="1" digital_rails_capable="false" mode="car" start="3049"/>
    <trip name="paraiso_random_walk_6540" origin="60609874" destination="303863453" link_origin="3357" count="1" digital_rails_capable="false" mode="car" start="1130"/>
    <trip name="paraiso_random_walk_6570" origin="1990934598" destination="1953466363" link_origin="5498" count="1" digital_rails_capable="false" mode="car" start="1203"/>
    <trip name="paraiso_random_walk_6590" origin="60609874" destination="1953466363" link_origin="3357" count="1" digital_rails_capable="false" mode="car" start="229"/>
    <trip name="paraiso_random_walk_6600" origin="1990934598" destination="1953466363" link_origin="5498" count="1" digital_rails_capable="false" mode="car" start="956"/>
    <trip name="paraiso_random_walk_6620" origin="60609874" destination="1990934598" link_origin="3357" count="1" digital_rails_capable="false" mode="car" start="38"/>
    <trip name="paraiso_random_walk_6640" origin="60609874" destination="1953466363" link_origin="3357" count="1" digital_rails_capable="false" mode="car" start="821"/>
    <trip name="paraiso_random_walk_6650" origin="60609874" destination="1990934598" link_origin="3357" count="1" digital_rails_capable="false" mode="car" start="2541"/>
    <trip name="paraiso_random_walk_6660" origin="60609874" destination="1990934598" link_origin="3357" count="1" digital_rails_capable="false" mode="car" start="1850"/>
    <trip name="paraiso_random_walk_6680" origin="60609874" destination="1990911135" link_origin="3357" count="1" digital_rails_capable="false" mode="car" start="1923"/>
    <trip name="paraiso_random_walk_6710" origin="60609874" destination="1990934598" link_origin="3357" count="1" digital_rails_capable="false" mode="car" start="2220"/>
    <trip name="paraiso_random_walk_6720" origin="1990934598" destination="1953466363" link_origin="5498" count="1" digital_rails_capable="false" mode="car" start="2855"/>
    <trip name="paraiso_random_walk_6730" origin="1990934598" destination="1953466363" link_origin="5498" count="1" digital_rails_capable="false" mode="car" start="212"/>
    <trip name="paraiso_random_walk_6780" origin="60609874" destination="1953466363" link_origin="3357" count="1" digital_rails_capable="false" mode="car" start="3359"/>
    <trip name="paraiso_random_walk_6800" origin="1990934598" destination="1953466363" link_origin="5498" count="1" digital_rails_capable="false" mode="car" start="854"/>
    <trip name="paraiso_random_walk_6820" origin="60609874" destination="1990911135" link_origin="3357" count="1" digital_rails_capable="false" mode="car" start="3450"/>
    <trip name="paraiso_random_walk_6840" origin="60609874" destination="1990911135" link_origin="3357" count="1" digital_rails_capable="false" mode="car" start="188"/>
    <trip name="paraiso_random_walk_6850" origin="1990934598" destination="1953466367" link_origin="5498" count="1" digital_rails_capable="false" mode="car" start="537"/>
    <trip name="paraiso_random_walk_6860" origin="60609874" destination="1953466367" link_origin="3357" count="1" digital_rails_capable="false" mode="car" start="3177"/>
    <trip name="paraiso_random_walk_6870" origin="60609874" destination="1990911135" link_origin="3357" count="1" digital_rails_capable="false" mode="car" start="1895"/>
    <trip name="paraiso_random_walk_6890" origin="1990934598" destination="1953466363" link_origin="5498" count="1" digital_rails_capable="false" mode="car" start="3199"/>
    <trip name="paraiso_random_walk_6900" origin="1990934598" destination="1953466367" link_origin="5498" count="1" digital_rails_capable="false" mode="car" start="3094"/>
    <trip name="paraiso_random_walk_6910" origin="60609874" destination="1953466367" link_origin="3357" count="1" digital_rails_capable="false" mode="car" start="375"/>
    <trip name="paraiso_random_walk_6930" origin="1990934598" destination="1953466367" link_origin="5498" count="1" digital_rails_capable="false" mode="car" start="1790"/>
    <trip name="paraiso_random_walk_6940" origin="60609874" destination="1953466363" link_origin="3357" count="1" digital_rails_capable="false" mode="car" start="330"/>
    <trip name="paraiso_random_walk_6950" origin="1990934598" destination="1990911135" link_origin="5498" count="1" digital_rails_capable="false" mode="car" start="1666"/>
    <trip name="paraiso_random_walk_6990" origin="1990934598" destination="1990911135" link_origin="5498" count="1" digital_rails_capable="false" mode="car" start="1187"/>
    <trip name="paraiso_random_walk_7000" origin="60609874" destination="1990934598" link_origin="3357" count="1" digital_rails_capable="false" mode="car" start="671"/>
    <trip name="paraiso_random_walk_7010" origin="60609874" destination="1990911135" link_origin="3357" count="1" digital_rails_capable="false" mode="car" start="227"/>
    <trip name="paraiso_random_walk_7020" origin="1990934598" destination="1953466367" link_origin="5498" count="1" digital_rails_capable="false" mode="car" start="1200"/>
    <trip name="paraiso_random_walk_7030" origin="1990934598" destination="1990911135" link_origin="5498" count="1" digital_rails_capable="false" mode="car" start="742"/>
    <trip name="consolacao_random_walk_00" origin="1990934597" destination="1953466378" link_origin="4360" count="1" digital_rails_capable="false" mode="car" start="448"/>
    <trip name="consolacao_random_walk_100" origin="1990934597" destination="60609811" link_origin="4360" count="1" digital_rails_capable="false" mode="car" start="1555"/>
    <trip name="consolacao_random_walk_140" origin="1990934597" destination="60609811" link_origin="4360" count="1" digital_rails_capable="false" mode="car" start="592"/>
    <trip name="consolacao_random_walk_170" origin="1990934597" destination="1953466378" link_origin="4360" count="1" digital_rails_capable="false" mode="car" start="1569"/>
    <trip name="consolacao_random_walk_220" origin="1990934597" destination="1953466378" link_origin="4360" count="1" digital_rails_capable="false" mode="car" start="890"/>
    <trip name="consolacao_random_walk_320" origin="1990934597" destination="1953466378" link_origin="4360" count="1" digital_rails_capable="false" mode="car" start="118"/>
    <trip name="consolacao_random_walk_330" origin="1990934597" destination="1953466378" link_origin="4360" count="1" digital_rails_capable="false" mode="car" start="1773"/>
    <trip name="consolacao_random_walk_340" origin="1990934597" destination="1953466378" link_origin="4360" count="1" digital_rails_capable="false" mode="car" start="289"/>
    <trip name="consolacao_random_walk_380" origin="1990934597" destination="1953466378" link_origin="4360" count="1" digital_rails_capable="false" mode="car" start="1901"/>
    <trip name="consolacao_random_walk_480" origin="1990934597" destination="60609811" link_origin="4360" count="1" digital_rails_capable="false" mode="car" start="2733"/>
    <trip name="consolacao_random_walk_710" origin="1990934597" destination="1953466378" link_origin="4360" count="1" digital_rails_capable="false" mode="car" start="3089"/>
    <trip name="consolacao_random_walk_890" origin="1990934597" destination="1953466378" link_origin="4360" count="1" digital_rails_capable="false" mode="car" start="3547"/>
    <trip name="consolacao_random_walk_920" origin="1990934597" destination="1953466378" link_origin="4360" count="1" digital_rails_capable="false" mode="car" start="1639"/>
    <trip name="consolacao_random_walk_1050" origin="1990934597" destination="60609811" link_origin="4360" count="1" digital_rails_capable="false" mode="car" start="906"/>
    <trip name="consolacao_random_walk_1160" origin="1990934597" destination="1953466378" link_origin="4360" count="1" digital_rails_capable="false" mode="car" start="3042"/>
    <trip name="consolacao_random_walk_1180" origin="1990934597" destination="1953466378" link_origin="4360" count="1" digital_rails_capable="false" mode="car" start="1807"/>
    <trip name="consolacao_random_walk_1190" origin="1990934597" destination="60609811" link_origin="4360" count="1" digital_rails_capable="false" mode="car" start="941"/>
    <trip name="consolacao_random_walk_1290" origin="1990934597" destination="1953466378" link_origin="4360" count="1" digital_rails_capable="false" mode="car" start="3370"/>
    <trip name="consolacao_random_walk_1310" origin="1990934597" destination="1953466378" link_origin="4360" count="1" digital_rails_capable="false" mode="car" start="1299"/>
    <trip name="consolacao_random_walk_1390" origin="1990934597" destination="60609811" link_origin="4360" count="1" digital_rails_capable="false" mode="car" start="2502"/>
    <trip name="consolacao_random_walk_1500" origin="1990934597" destination="60609811" link_origin="4360" count="1" digital_rails_capable="false" mode="car" start="2482"/>
    <trip name="consolacao_random_walk_1520" origin="1990934597" destination="1953466378" link_origin="4360" count="1" digital_rails_capable="false" mode="car" start="1666"/>
    <trip name="consolacao_random_walk_1600" origin="1990934597" destination="60609811" link_origin="4360" count="1" digital_rails_capable="false" mode="car" start="2866"/>
    <trip name="consolacao_random_walk_1680" origin="1990934597" destination="60609811" link_origin="4360" count="1" digital_rails_capable="false" mode="car" start="67"/>
    <trip name="consolacao_random_walk_1760" origin="1990934597" destination="1953466378" link_origin="4360" count="1" digital_rails_capable="false" mode="car" start="324"/>
    <trip name="consolacao_random_walk_1790" origin="1990934597" destination="60609811" link_origin="4360" count="1" digital_rails_capable="false" mode="car" start="1073"/>
    <trip name="consolacao_random_walk_2000" origin="1990934597" destination="60609811" link_origin="4360" count="1" digital_rails_capable="false" mode="car" start="626"/>
    <trip name="consolacao_random_walk_2060" origin="1990934597" destination="60609811" link_origin="4360" count="1" digital_rails_capable="false" mode="car" start="128"/>
    <trip name="consolacao_random_walk_2110" origin="1990934597" destination="60609811" link_origin="4360" count="1" digital_rails_capable="false" mode="car" start="3459"/>
    <trip name="consolacao_random_walk_2150" origin="1990934597" destination="60609811" link_origin="4360" count="1" digital_rails_capable="false" mode="car" start="1993"/>
    <trip name="consolacao_random_walk_2170" origin="1990934597" destination="60609811" link_origin="4360" count="1" digital_rails_capable="false" mode="car" start="1080"/>
    <trip name="consolacao_random_walk_2230" origin="1990934597" destination="1953466378" link_origin="4360" count="1" digital_rails_capable="false" mode="car" start="2261"/>
    <trip name="consolacao_random_walk_2270" origin="1990934597" destination="60609811" link_origin="4360" count="1" digital_rails_capable="false" mode="car" start="3107"/>
    <trip name="consolacao_random_walk_2320" origin="1990934597" destination="60609811" link_origin="4360" count="1" digital_rails_capable="false" mode="car" start="2855"/>
    <trip name="consolacao_random_walk_2360" origin="1990934597" destination="60609811" link_origin="4360" count="1" digital_rails_capable="false" mode="car" start="2521"/>
    <trip name="consolacao_random_walk_2410" origin="1990934597" destination="60609811" link_origin="4360" count="1" digital_rails_capable="false" mode="car" start="685"/>
    <trip name="consolacao_random_walk_2450" origin="1990934597" destination="60609811" link_origin="4360" count="1" digital_rails_capable="false" mode="car" start="3369"/>
    <trip name="consolacao_random_walk_2550" origin="1990934597" destination="60609811" link_origin="4360" count="1" digital_rails_capable="false" mode="car" start="2252"/>
    <trip name="consolacao_random_walk_2600" origin="1990934597" destination="1953466378" link_origin="4360" count="1" digital_rails_capable="false" mode="car" start="2171"/>
    <trip name="consolacao_random_walk_2710" origin="1990934597" destination="1953466378" link_origin="4360" count="1" digital_rails_capable="false" mode="car" start="661"/>
    <trip name="consolacao_random_walk_2750" origin="1990934597" destination="1953466378" link_origin="4360" count="1" digital_rails_capable="false" mode="car" start="929"/>
    <trip name="consolacao_random_walk_2770" origin="1990934597" destination="1953466378" link_origin="4360" count="1" digital_rails_capable="false" mode="car" start="970"/>
    <trip name="consolacao_random_walk_2840" origin="1990934597" destination="1953466378" link_origin="4360" count="1" digital_rails_capable="false" mode="car" start="3244"/>
    <trip name="consolacao_random_walk_2850" origin="1990934597" destination="1953466378" link_origin="4360" count="1" digital_rails_capable="false" mode="car" start="1955"/>
    <trip name="consolacao_random_walk_2950" origin="1990934597" destination="60609811" link_origin="4360" count="1" digital_rails_capable="false" mode="car" start="340"/>
    <trip name="consolacao_random_walk_3000" origin="1990934597" destination="1953466378" link_origin="4360" count="1" digital_rails_capable="false" mode="car" start="253"/>
</scsimulator_matrix>
