<?xml version="1.0" encoding="UTF-8" standalone="yes"?>
<scsimulator_matrix>
    <trip name="consolacao_random_walk_10" origin="1953466375" destination="1990911134" link_origin="4408" count="1" digital_rails_capable="false" mode="car" start="912"/>
    <trip name="consolacao_random_walk_50" origin="1953466375" destination="1953466378" link_origin="4408" count="1" digital_rails_capable="false" mode="car" start="1191"/>
    <trip name="consolacao_random_walk_60" origin="1953466375" destination="1990934597" link_origin="4408" count="1" digital_rails_capable="false" mode="car" start="3576"/>
    <trip name="consolacao_random_walk_80" origin="1953466375" destination="60609811" link_origin="4408" count="1" digital_rails_capable="false" mode="car" start="455"/>
    <trip name="consolacao_random_walk_90" origin="1953466375" destination="1953466378" link_origin="4408" count="1" digital_rails_capable="false" mode="car" start="2435"/>
    <trip name="consolacao_random_walk_150" origin="1953466375" destination="1990934597" link_origin="4408" count="1" digital_rails_capable="false" mode="car" start="3166"/>
    <trip name="consolacao_random_walk_180" origin="1953466375" destination="60609811" link_origin="4408" count="1" digital_rails_capable="false" mode="car" start="2757"/>
    <trip name="consolacao_random_walk_190" origin="1953466375" destination="1990911134" link_origin="4408" count="1" digital_rails_capable="false" mode="car" start="1370"/>
    <trip name="consolacao_random_walk_200" origin="1953466375" destination="1990934597" link_origin="4408" count="1" digital_rails_capable="false" mode="car" start="3315"/>
    <trip name="consolacao_random_walk_250" origin="1953466375" destination="60609811" link_origin="4408" count="1" digital_rails_capable="false" mode="car" start="67"/>
    <trip name="consolacao_random_walk_270" origin="1953466375" destination="1953466378" link_origin="4408" count="1" digital_rails_capable="false" mode="car" start="3038"/>
    <trip name="consolacao_random_walk_280" origin="1953466375" destination="60609811" link_origin="4408" count="1" digital_rails_capable="false" mode="car" start="1084"/>
    <trip name="consolacao_random_walk_290" origin="1953466375" destination="1990911134" link_origin="4408" count="1" digital_rails_capable="false" mode="car" start="2187"/>
    <trip name="consolacao_random_walk_350" origin="1953466375" destination="1990934597" link_origin="4408" count="1" digital_rails_capable="false" mode="car" start="3479"/>
    <trip name="consolacao_random_walk_370" origin="1953466375" destination="1990934597" link_origin="4408" count="1" digital_rails_capable="false" mode="car" start="648"/>
    <trip name="consolacao_random_walk_410" origin="1953466375" destination="1990911134" link_origin="4408" count="1" digital_rails_capable="false" mode="car" start="2812"/>
    <trip name="consolacao_random_walk_440" origin="1953466375" destination="1990934597" link_origin="4408" count="1" digital_rails_capable="false" mode="car" start="1140"/>
    <trip name="consolacao_random_walk_520" origin="1953466375" destination="60609811" link_origin="4408" count="1" digital_rails_capable="false" mode="car" start="1116"/>
    <trip name="consolacao_random_walk_560" origin="1953466375" destination="1990934597" link_origin="4408" count="1" digital_rails_capable="false" mode="car" start="3272"/>
    <trip name="consolacao_random_walk_570" origin="1953466375" destination="1990911134" link_origin="4408" count="1" digital_rails_capable="false" mode="car" start="614"/>
    <trip name="consolacao_random_walk_610" origin="1953466375" destination="1990911134" link_origin="4408" count="1" digital_rails_capable="false" mode="car" start="2255"/>
    <trip name="consolacao_random_walk_650" origin="1953466375" destination="1953466378" link_origin="4408" count="1" digital_rails_capable="false" mode="car" start="1920"/>
    <trip name="consolacao_random_walk_670" origin="1953466375" destination="1953466378" link_origin="4408" count="1" digital_rails_capable="false" mode="car" start="827"/>
    <trip name="consolacao_random_walk_680" origin="1953466375" destination="1990934597" link_origin="4408" count="1" digital_rails_capable="false" mode="car" start="705"/>
    <trip name="consolacao_random_walk_720" origin="1953466375" destination="1990934597" link_origin="4408" count="1" digital_rails_capable="false" mode="car" start="522"/>
    <trip name="consolacao_random_walk_750" origin="1953466375" destination="60609811" link_origin="4408" count="1" digital_rails_capable="false" mode="car" start="1449"/>
    <trip name="consolacao_random_walk_780" origin="1953466375" destination="60609811" link_origin="4408" count="1" digital_rails_capable="false" mode="car" start="487"/>
    <trip name="consolacao_random_walk_800" origin="1953466375" destination="1953466378" link_origin="4408" count="1" digital_rails_capable="false" mode="car" start="919"/>
    <trip name="consolacao_random_walk_810" origin="1953466375" destination="1990911134" link_origin="4408" count="1" digital_rails_capable="false" mode="car" start="3230"/>
    <trip name="consolacao_random_walk_830" origin="1953466375" destination="60609811" link_origin="4408" count="1" digital_rails_capable="false" mode="car" start="455"/>
    <trip name="consolacao_random_walk_900" origin="1953466375" destination="60609811" link_origin="4408" count="1" digital_rails_capable="false" mode="car" start="32"/>
    <trip name="consolacao_random_walk_940" origin="1953466375" destination="60609811" link_origin="4408" count="1" digital_rails_capable="false" mode="car" start="2441"/>
    <trip name="consolacao_random_walk_960" origin="1953466375" destination="1990934597" link_origin="4408" count="1" digital_rails_capable="false" mode="car" start="1503"/>
    <trip name="consolacao_random_walk_1010" origin="1953466375" destination="1990934597" link_origin="4408" count="1" digital_rails_capable="false" mode="car" start="701"/>
    <trip name="consolacao_random_walk_1020" origin="1953466375" destination="1953466378" link_origin="4408" count="1" digital_rails_capable="false" mode="car" start="41"/>
    <trip name="consolacao_random_walk_1030" origin="1953466375" destination="60609811" link_origin="4408" count="1" digital_rails_capable="false" mode="car" start="2593"/>
    <trip name="consolacao_random_walk_1120" origin="1953466375" destination="60609811" link_origin="4408" count="1" digital_rails_capable="false" mode="car" start="1730"/>
    <trip name="consolacao_random_walk_1200" origin="1953466375" destination="1990911134" link_origin="4408" count="1" digital_rails_capable="false" mode="car" start="872"/>
    <trip name="consolacao_random_walk_1230" origin="1953466375" destination="1990911134" link_origin="4408" count="1" digital_rails_capable="false" mode="car" start="932"/>
    <trip name="consolacao_random_walk_1260" origin="1953466375" destination="1990911134" link_origin="4408" count="1" digital_rails_capable="false" mode="car" start="1025"/>
    <trip name="consolacao_random_walk_1300" origin="1953466375" destination="1990934597" link_origin="4408" count="1" digital_rails_capable="false" mode="car" start="2401"/>
    <trip name="consolacao_random_walk_1330" origin="1953466375" destination="60609811" link_origin="4408" count="1" digital_rails_capable="false" mode="car" start="2234"/>
    <trip name="consolacao_random_walk_1350" origin="1953466375" destination="60609811" link_origin="4408" count="1" digital_rails_capable="false" mode="car" start="2609"/>
    <trip name="consolacao_random_walk_1370" origin="1953466375" destination="1953466378" link_origin="4408" count="1" digital_rails_capable="false" mode="car" start="2492"/>
    <trip name="consolacao_random_walk_1380" origin="1953466375" destination="1990911134" link_origin="4408" count="1" digital_rails_capable="false" mode="car" start="2605"/>
    <trip name="consolacao_random_walk_1420" origin="1953466375" destination="1990911134" link_origin="4408" count="1" digital_rails_capable="false" mode="car" start="428"/>
    <trip name="consolacao_random_walk_1440" origin="1953466375" destination="1990911134" link_origin="4408" count="1" digital_rails_capable="false" mode="car" start="2031"/>
    <trip name="consolacao_random_walk_1510" origin="1953466375" destination="1990911134" link_origin="4408" count="1" digital_rails_capable="false" mode="car" start="2128"/>
    <trip name="consolacao_random_walk_1540" origin="1953466375" destination="1990911134" link_origin="4408" count="1" digital_rails_capable="false" mode="car" start="1710"/>
    <trip name="consolacao_random_walk_1560" origin="1953466375" destination="1990934597" link_origin="4408" count="1" digital_rails_capable="false" mode="car" start="847"/>
    <trip name="consolacao_random_walk_1580" origin="1953466375" destination="1953466378" link_origin="4408" count="1" digital_rails_capable="false" mode="car" start="3353"/>
    <trip name="consolacao_random_walk_1640" origin="1953466375" destination="1990934597" link_origin="4408" count="1" digital_rails_capable="false" mode="car" start="3492"/>
    <trip name="consolacao_random_walk_1670" origin="1953466375" destination="60609811" link_origin="4408" count="1" digital_rails_capable="false" mode="car" start="344"/>
    <trip name="consolacao_random_walk_1730" origin="1953466375" destination="1953466378" link_origin="4408" count="1" digital_rails_capable="false" mode="car" start="518"/>
    <trip name="consolacao_random_walk_1770" origin="1953466375" destination="60609811" link_origin="4408" count="1" digital_rails_capable="false" mode="car" start="447"/>
    <trip name="consolacao_random_walk_1780" origin="1953466375" destination="60609811" link_origin="4408" count="1" digital_rails_capable="false" mode="car" start="2672"/>
    <trip name="consolacao_random_walk_1810" origin="1953466375" destination="1953466378" link_origin="4408" count="1" digital_rails_capable="false" mode="car" start="2502"/>
    <trip name="consolacao_random_walk_1820" origin="1953466375" destination="1953466378" link_origin="4408" count="1" digital_rails_capable="false" mode="car" start="232"/>
    <trip name="consolacao_random_walk_1870" origin="1953466375" destination="1990934597" link_origin="4408" count="1" digital_rails_capable="false" mode="car" start="2747"/>
    <trip name="consolacao_random_walk_1900" origin="1953466375" destination="60609811" link_origin="4408" count="1" digital_rails_capable="false" mode="car" start="2082"/>
    <trip name="consolacao_random_walk_1910" origin="1953466375" destination="1990911134" link_origin="4408" count="1" digital_rails_capable="false" mode="car" start="2085"/>
    <trip name="consolacao_random_walk_1930" origin="1953466375" destination="1953466378" link_origin="4408" count="1" digital_rails_capable="false" mode="car" start="593"/>
    <trip name="consolacao_random_walk_1950" origin="1953466375" destination="1953466378" link_origin="4408" count="1" digital_rails_capable="false" mode="car" start="1136"/>
    <trip name="consolacao_random_walk_1980" origin="1953466375" destination="60609811" link_origin="4408" count="1" digital_rails_capable="false" mode="car" start="175"/>
    <trip name="consolacao_random_walk_2090" origin="1953466375" destination="60609811" link_origin="4408" count="1" digital_rails_capable="false" mode="car" start="1143"/>
    <trip name="consolacao_random_walk_2260" origin="1953466375" destination="60609811" link_origin="4408" count="1" digital_rails_capable="false" mode="car" start="373"/>
    <trip name="consolacao_random_walk_2290" origin="1953466375" destination="60609811" link_origin="4408" count="1" digital_rails_capable="false" mode="car" start="1761"/>
    <trip name="consolacao_random_walk_2310" origin="1953466375" destination="60609811" link_origin="4408" count="1" digital_rails_capable="false" mode="car" start="1693"/>
    <trip name="consolacao_random_walk_2370" origin="1953466375" destination="1990911134" link_origin="4408" count="1" digital_rails_capable="false" mode="car" start="427"/>
    <trip name="consolacao_random_walk_2490" origin="1953466375" destination="1990911134" link_origin="4408" count="1" digital_rails_capable="false" mode="car" start="2210"/>
    <trip name="consolacao_random_walk_2530" origin="1953466375" destination="1990934597" link_origin="4408" count="1" digital_rails_capable="false" mode="car" start="1941"/>
    <trip name="consolacao_random_walk_2540" origin="1953466375" destination="60609811" link_origin="4408" count="1" digital_rails_capable="false" mode="car" start="1783"/>
    <trip name="consolacao_random_walk_2560" origin="1953466375" destination="1990934597" link_origin="4408" count="1" digital_rails_capable="false" mode="car" start="553"/>
    <trip name="consolacao_random_walk_2570" origin="1953466375" destination="60609811" link_origin="4408" count="1" digital_rails_capable="false" mode="car" start="2412"/>
    <trip name="consolacao_random_walk_2610" origin="1953466375" destination="1990934597" link_origin="4408" count="1" digital_rails_capable="false" mode="car" start="2735"/>
    <trip name="consolacao_random_walk_2700" origin="1953466375" destination="1953466378" link_origin="4408" count="1" digital_rails_capable="false" mode="car" start="592"/>
    <trip name="consolacao_random_walk_2740" origin="1953466375" destination="1990911134" link_origin="4408" count="1" digital_rails_capable="false" mode="car" start="3210"/>
    <trip name="consolacao_random_walk_2810" origin="1953466375" destination="1953466378" link_origin="4408" count="1" digital_rails_capable="false" mode="car" start="3439"/>
    <trip name="consolacao_random_walk_2870" origin="1953466375" destination="60609811" link_origin="4408" count="1" digital_rails_capable="false" mode="car" start="2235"/>
    <trip name="consolacao_random_walk_2880" origin="1953466375" destination="1990934597" link_origin="4408" count="1" digital_rails_capable="false" mode="car" start="209"/>
    <trip name="consolacao_random_walk_2910" origin="1953466375" destination="1990911134" link_origin="4408" count="1" digital_rails_capable="false" mode="car" start="661"/>
    <trip name="consolacao_random_walk_2930" origin="1953466375" destination="1953466378" link_origin="4408" count="1" digital_rails_capable="false" mode="car" start="2603"/>
    <trip name="consolacao_random_walk_2970" origin="1953466375" destination="1953466378" link_origin="4408" count="1" digital_rails_capable="false" mode="car" start="2024"/>
    <trip name="consolacao_random_walk_2990" origin="1953466375" destination="1990934597" link_origin="4408" count="1" digital_rails_capable="false" mode="car" start="980"/>
    <trip name="consolacao_random_walk_3030" origin="1953466375" destination="1990911134" link_origin="4408" count="1" digital_rails_capable="false" mode="car" start="3130"/>
    <trip name="consolacao_random_walk_3040" origin="1953466375" destination="1990934597" link_origin="4408" count="1" digital_rails_capable="false" mode="car" start="1979"/>
</scsimulator_matrix>
