<?xml version="1.0" encoding="UTF-8" standalone="yes"?>
<scsimulator_matrix>
    <trip name="consolacao_random_walk_20" origin="165459105" destination="60609811" link_origin="4410" count="1" digital_rails_capable="false" mode="car" start="508"/>
    <trip name="consolacao_random_walk_70" origin="165459105" destination="1990911134" link_origin="4410" count="1" digital_rails_capable="false" mode="car" start="1060"/>
    <trip name="consolacao_random_walk_110" origin="165459105" destination="1990934597" link_origin="4410" count="1" digital_rails_capable="false" mode="car" start="2852"/>
    <trip name="consolacao_random_walk_120" origin="165459105" destination="1953466375" link_origin="4410" count="1" digital_rails_capable="false" mode="car" start="287"/>
    <trip name="consolacao_random_walk_210" origin="165459105" destination="1953466375" link_origin="4410" count="1" digital_rails_capable="false" mode="car" start="1734"/>
    <trip name="consolacao_random_walk_230" origin="165459105" destination="60609811" link_origin="4410" count="1" digital_rails_capable="false" mode="car" start="2645"/>
    <trip name="consolacao_random_walk_240" origin="165459105" destination="1990934597" link_origin="4410" count="1" digital_rails_capable="false" mode="car" start="2826"/>
    <trip name="consolacao_random_walk_260" origin="165459105" destination="1990934597" link_origin="4410" count="1" digital_rails_capable="false" mode="car" start="80"/>
    <trip name="consolacao_random_walk_300" origin="165459105" destination="1990934597" link_origin="4410" count="1" digital_rails_capable="false" mode="car" start="340"/>
    <trip name="consolacao_random_walk_310" origin="165459105" destination="1953466375" link_origin="4410" count="1" digital_rails_capable="false" mode="car" start="106"/>
    <trip name="consolacao_random_walk_390" origin="165459105" destination="1990911134" link_origin="4410" count="1" digital_rails_capable="false" mode="car" start="648"/>
    <trip name="consolacao_random_walk_470" origin="165459105" destination="1990911134" link_origin="4410" count="1" digital_rails_capable="false" mode="car" start="2760"/>
    <trip name="consolacao_random_walk_490" origin="165459105" destination="1990934597" link_origin="4410" count="1" digital_rails_capable="false" mode="car" start="1818"/>
    <trip name="consolacao_random_walk_500" origin="165459105" destination="1953466378" link_origin="4410" count="1" digital_rails_capable="false" mode="car" start="1192"/>
    <trip name="consolacao_random_walk_510" origin="165459105" destination="1953466378" link_origin="4410" count="1" digital_rails_capable="false" mode="car" start="895"/>
    <trip name="consolacao_random_walk_530" origin="165459105" destination="60609811" link_origin="4410" count="1" digital_rails_capable="false" mode="car" start="1224"/>
    <trip name="consolacao_random_walk_540" origin="165459105" destination="1953466375" link_origin="4410" count="1" digital_rails_capable="false" mode="car" start="2896"/>
    <trip name="consolacao_random_walk_550" origin="165459105" destination="1953466375" link_origin="4410" count="1" digital_rails_capable="false" mode="car" start="2101"/>
    <trip name="consolacao_random_walk_580" origin="165459105" destination="1990911134" link_origin="4410" count="1" digital_rails_capable="false" mode="car" start="1787"/>
    <trip name="consolacao_random_walk_590" origin="165459105" destination="1990911134" link_origin="4410" count="1" digital_rails_capable="false" mode="car" start="1432"/>
    <trip name="consolacao_random_walk_600" origin="165459105" destination="1953466375" link_origin="4410" count="1" digital_rails_capable="false" mode="car" start="1277"/>
    <trip name="consolacao_random_walk_630" origin="165459105" destination="60609811" link_origin="4410" count="1" digital_rails_capable="false" mode="car" start="1576"/>
    <trip name="consolacao_random_walk_640" origin="165459105" destination="1990934597" link_origin="4410" count="1" digital_rails_capable="false" mode="car" start="3129"/>
    <trip name="consolacao_random_walk_660" origin="165459105" destination="1990934597" link_origin="4410" count="1" digital_rails_capable="false" mode="car" start="2114"/>
    <trip name="consolacao_random_walk_690" origin="165459105" destination="1953466375" link_origin="4410" count="1" digital_rails_capable="false" mode="car" start="13"/>
    <trip name="consolacao_random_walk_700" origin="165459105" destination="1990911134" link_origin="4410" count="1" digital_rails_capable="false" mode="car" start="94"/>
    <trip name="consolacao_random_walk_730" origin="165459105" destination="1990911134" link_origin="4410" count="1" digital_rails_capable="false" mode="car" start="2800"/>
    <trip name="consolacao_random_walk_740" origin="165459105" destination="1990911134" link_origin="4410" count="1" digital_rails_capable="false" mode="car" start="18"/>
    <trip name="consolacao_random_walk_770" origin="165459105" destination="1953466375" link_origin="4410" count="1" digital_rails_capable="false" mode="car" start="3408"/>
    <trip name="consolacao_random_walk_820" origin="165459105" destination="60609811" link_origin="4410" count="1" digital_rails_capable="false" mode="car" start="3304"/>
    <trip name="consolacao_random_walk_860" origin="165459105" destination="1990934597" link_origin="4410" count="1" digital_rails_capable="false" mode="car" start="897"/>
    <trip name="consolacao_random_walk_930" origin="165459105" destination="1953466378" link_origin="4410" count="1" digital_rails_capable="false" mode="car" start="1966"/>
    <trip name="consolacao_random_walk_950" origin="165459105" destination="60609811" link_origin="4410" count="1" digital_rails_capable="false" mode="car" start="3583"/>
    <trip name="consolacao_random_walk_970" origin="165459105" destination="60609811" link_origin="4410" count="1" digital_rails_capable="false" mode="car" start="3353"/>
    <trip name="consolacao_random_walk_980" origin="165459105" destination="1953466378" link_origin="4410" count="1" digital_rails_capable="false" mode="car" start="2255"/>
    <trip name="consolacao_random_walk_990" origin="165459105" destination="60609811" link_origin="4410" count="1" digital_rails_capable="false" mode="car" start="1485"/>
    <trip name="consolacao_random_walk_1060" origin="165459105" destination="1953466378" link_origin="4410" count="1" digital_rails_capable="false" mode="car" start="28"/>
    <trip name="consolacao_random_walk_1070" origin="165459105" destination="1990934597" link_origin="4410" count="1" digital_rails_capable="false" mode="car" start="490"/>
    <trip name="consolacao_random_walk_1080" origin="165459105" destination="1953466378" link_origin="4410" count="1" digital_rails_capable="false" mode="car" start="3547"/>
    <trip name="consolacao_random_walk_1090" origin="165459105" destination="1990934597" link_origin="4410" count="1" digital_rails_capable="false" mode="car" start="1431"/>
    <trip name="consolacao_random_walk_1100" origin="165459105" destination="1990911134" link_origin="4410" count="1" digital_rails_capable="false" mode="car" start="967"/>
    <trip name="consolacao_random_walk_1110" origin="165459105" destination="1953466375" link_origin="4410" count="1" digital_rails_capable="false" mode="car" start="681"/>
    <trip name="consolacao_random_walk_1210" origin="165459105" destination="1953466375" link_origin="4410" count="1" digital_rails_capable="false" mode="car" start="492"/>
    <trip name="consolacao_random_walk_1220" origin="165459105" destination="1953466378" link_origin="4410" count="1" digital_rails_capable="false" mode="car" start="2581"/>
    <trip name="consolacao_random_walk_1270" origin="165459105" destination="1990934597" link_origin="4410" count="1" digital_rails_capable="false" mode="car" start="2857"/>
    <trip name="consolacao_random_walk_1280" origin="165459105" destination="1953466378" link_origin="4410" count="1" digital_rails_capable="false" mode="car" start="381"/>
    <trip name="consolacao_random_walk_1320" origin="165459105" destination="1953466378" link_origin="4410" count="1" digital_rails_capable="false" mode="car" start="2505"/>
    <trip name="consolacao_random_walk_1400" origin="165459105" destination="1953466378" link_origin="4410" count="1" digital_rails_capable="false" mode="car" start="1662"/>
    <trip name="consolacao_random_walk_1410" origin="165459105" destination="1990911134" link_origin="4410" count="1" digital_rails_capable="false" mode="car" start="945"/>
    <trip name="consolacao_random_walk_1430" origin="165459105" destination="1953466378" link_origin="4410" count="1" digital_rails_capable="false" mode="car" start="2997"/>
    <trip name="consolacao_random_walk_1450" origin="165459105" destination="1953466378" link_origin="4410" count="1" digital_rails_capable="false" mode="car" start="2205"/>
    <trip name="consolacao_random_walk_1460" origin="165459105" destination="1990911134" link_origin="4410" count="1" digital_rails_capable="false" mode="car" start="592"/>
    <trip name="consolacao_random_walk_1480" origin="165459105" destination="1990911134" link_origin="4410" count="1" digital_rails_capable="false" mode="car" start="3252"/>
    <trip name="consolacao_random_walk_1530" origin="165459105" destination="1953466378" link_origin="4410" count="1" digital_rails_capable="false" mode="car" start="894"/>
    <trip name="consolacao_random_walk_1550" origin="165459105" destination="1990911134" link_origin="4410" count="1" digital_rails_capable="false" mode="car" start="35"/>
    <trip name="consolacao_random_walk_1570" origin="165459105" destination="1990934597" link_origin="4410" count="1" digital_rails_capable="false" mode="car" start="273"/>
    <trip name="consolacao_random_walk_1610" origin="165459105" destination="1953466378" link_origin="4410" count="1" digital_rails_capable="false" mode="car" start="2399"/>
    <trip name="consolacao_random_walk_1620" origin="165459105" destination="1953466375" link_origin="4410" count="1" digital_rails_capable="false" mode="car" start="3000"/>
    <trip name="consolacao_random_walk_1630" origin="165459105" destination="1990911134" link_origin="4410" count="1" digital_rails_capable="false" mode="car" start="426"/>
    <trip name="consolacao_random_walk_1650" origin="165459105" destination="1990934597" link_origin="4410" count="1" digital_rails_capable="false" mode="car" start="393"/>
    <trip name="consolacao_random_walk_1660" origin="165459105" destination="60609811" link_origin="4410" count="1" digital_rails_capable="false" mode="car" start="743"/>
    <trip name="consolacao_random_walk_1690" origin="165459105" destination="1953466378" link_origin="4410" count="1" digital_rails_capable="false" mode="car" start="2589"/>
    <trip name="consolacao_random_walk_1740" origin="165459105" destination="1953466378" link_origin="4410" count="1" digital_rails_capable="false" mode="car" start="2420"/>
    <trip name="consolacao_random_walk_1840" origin="165459105" destination="1953466375" link_origin="4410" count="1" digital_rails_capable="false" mode="car" start="2062"/>
    <trip name="consolacao_random_walk_1850" origin="165459105" destination="1953466378" link_origin="4410" count="1" digital_rails_capable="false" mode="car" start="1010"/>
    <trip name="consolacao_random_walk_1880" origin="165459105" destination="1953466375" link_origin="4410" count="1" digital_rails_capable="false" mode="car" start="2385"/>
    <trip name="consolacao_random_walk_1890" origin="165459105" destination="1953466378" link_origin="4410" count="1" digital_rails_capable="false" mode="car" start="1053"/>
    <trip name="consolacao_random_walk_1920" origin="165459105" destination="1953466375" link_origin="4410" count="1" digital_rails_capable="false" mode="car" start="3136"/>
    <trip name="consolacao_random_walk_1940" origin="165459105" destination="1990911134" link_origin="4410" count="1" digital_rails_capable="false" mode="car" start="3178"/>
    <trip name="consolacao_random_walk_1990" origin="165459105" destination="1953466378" link_origin="4410" count="1" digital_rails_capable="false" mode="car" start="3024"/>
    <trip name="consolacao_random_walk_2010" origin="165459105" destination="1990934597" link_origin="4410" count="1" digital_rails_capable="false" mode="car" start="2302"/>
    <trip name="consolacao_random_walk_2040" origin="165459105" destination="1990934597" link_origin="4410" count="1" digital_rails_capable="false" mode="car" start="1442"/>
    <trip name="consolacao_random_walk_2050" origin="165459105" destination="60609811" link_origin="4410" count="1" digital_rails_capable="false" mode="car" start="2259"/>
    <trip name="consolacao_random_walk_2080" origin="165459105" destination="1990934597" link_origin="4410" count="1" digital_rails_capable="false" mode="car" start="172"/>
    <trip name="consolacao_random_walk_2100" origin="165459105" destination="1953466375" link_origin="4410" count="1" digital_rails_capable="false" mode="car" start="1547"/>
    <trip name="consolacao_random_walk_2120" origin="165459105" destination="60609811" link_origin="4410" count="1" digital_rails_capable="false" mode="car" start="1314"/>
    <trip name="consolacao_random_walk_2140" origin="165459105" destination="1953466375" link_origin="4410" count="1" digital_rails_capable="false" mode="car" start="550"/>
    <trip name="consolacao_random_walk_2190" origin="165459105" destination="1990911134" link_origin="4410" count="1" digital_rails_capable="false" mode="car" start="2283"/>
    <trip name="consolacao_random_walk_2210" origin="165459105" destination="1953466375" link_origin="4410" count="1" digital_rails_capable="false" mode="car" start="882"/>
    <trip name="consolacao_random_walk_2240" origin="165459105" destination="1990911134" link_origin="4410" count="1" digital_rails_capable="false" mode="car" start="2651"/>
    <trip name="consolacao_random_walk_2280" origin="165459105" destination="1990911134" link_origin="4410" count="1" digital_rails_capable="false" mode="car" start="785"/>
    <trip name="consolacao_random_walk_2330" origin="165459105" destination="1990934597" link_origin="4410" count="1" digital_rails_capable="false" mode="car" start="1174"/>
    <trip name="consolacao_random_walk_2340" origin="165459105" destination="1990934597" link_origin="4410" count="1" digital_rails_capable="false" mode="car" start="1120"/>
    <trip name="consolacao_random_walk_2350" origin="165459105" destination="60609811" link_origin="4410" count="1" digital_rails_capable="false" mode="car" start="1155"/>
    <trip name="consolacao_random_walk_2430" origin="165459105" destination="1990934597" link_origin="4410" count="1" digital_rails_capable="false" mode="car" start="300"/>
    <trip name="consolacao_random_walk_2460" origin="165459105" destination="1953466375" link_origin="4410" count="1" digital_rails_capable="false" mode="car" start="978"/>
    <trip name="consolacao_random_walk_2470" origin="165459105" destination="60609811" link_origin="4410" count="1" digital_rails_capable="false" mode="car" start="2704"/>
    <trip name="consolacao_random_walk_2480" origin="165459105" destination="1990911134" link_origin="4410" count="1" digital_rails_capable="false" mode="car" start="3371"/>
    <trip name="consolacao_random_walk_2520" origin="165459105" destination="1990911134" link_origin="4410" count="1" digital_rails_capable="false" mode="car" start="2447"/>
    <trip name="consolacao_random_walk_2580" origin="165459105" destination="1953466375" link_origin="4410" count="1" digital_rails_capable="false" mode="car" start="2964"/>
    <trip name="consolacao_random_walk_2590" origin="165459105" destination="1990934597" link_origin="4410" count="1" digital_rails_capable="false" mode="car" start="1920"/>
    <trip name="consolacao_random_walk_2630" origin="165459105" destination="1990911134" link_origin="4410" count="1" digital_rails_capable="false" mode="car" start="2317"/>
    <trip name="consolacao_random_walk_2640" origin="165459105" destination="1990934597" link_origin="4410" count="1" digital_rails_capable="false" mode="car" start="2372"/>
    <trip name="consolacao_random_walk_2670" origin="165459105" destination="1990934597" link_origin="4410" count="1" digital_rails_capable="false" mode="car" start="2645"/>
    <trip name="consolacao_random_walk_2680" origin="165459105" destination="1990934597" link_origin="4410" count="1" digital_rails_capable="false" mode="car" start="495"/>
    <trip name="consolacao_random_walk_2690" origin="165459105" destination="1990934597" link_origin="4410" count="1" digital_rails_capable="false" mode="car" start="2425"/>
    <trip name="consolacao_random_walk_2720" origin="165459105" destination="1953466378" link_origin="4410" count="1" digital_rails_capable="false" mode="car" start="1238"/>
    <trip name="consolacao_random_walk_2730" origin="165459105" destination="1990934597" link_origin="4410" count="1" digital_rails_capable="false" mode="car" start="808"/>
    <trip name="consolacao_random_walk_2780" origin="165459105" destination="1990934597" link_origin="4410" count="1" digital_rails_capable="false" mode="car" start="887"/>
    <trip name="consolacao_random_walk_2820" origin="165459105" destination="1990934597" link_origin="4410" count="1" digital_rails_capable="false" mode="car" start="3421"/>
    <trip name="consolacao_random_walk_2830" origin="165459105" destination="1990911134" link_origin="4410" count="1" digital_rails_capable="false" mode="car" start="2835"/>
    <trip name="consolacao_random_walk_2860" origin="165459105" destination="60609811" link_origin="4410" count="1" digital_rails_capable="false" mode="car" start="3014"/>
    <trip name="consolacao_random_walk_2960" origin="165459105" destination="1990911134" link_origin="4410" count="1" digital_rails_capable="false" mode="car" start="2820"/>
    <trip name="consolacao_random_walk_3010" origin="165459105" destination="1990911134" link_origin="4410" count="1" digital_rails_capable="false" mode="car" start="915"/>
    <trip name="consolacao_random_walk_3020" origin="165459105" destination="1990934597" link_origin="4410" count="1" digital_rails_capable="false" mode="car" start="1191"/>
</scsimulator_matrix>
