<?xml version="1.0" encoding="UTF-8" standalone="yes"?>
<scsimulator_matrix>
    <trip name="paraiso_random_walk_60" origin="1990934598" destination="1953466367" link_origin="5498" count="1" digital_rails_capable="false" mode="car" start="2185"/>
    <trip name="paraiso_random_walk_80" origin="1990934598" destination="1953466367" link_origin="5498" count="1" digital_rails_capable="false" mode="car" start="1065"/>
    <trip name="paraiso_random_walk_100" origin="1990934598" destination="1953466367" link_origin="5498" count="1" digital_rails_capable="false" mode="car" start="3348"/>
    <trip name="paraiso_random_walk_110" origin="1990934598" destination="1953466363" link_origin="5498" count="1" digital_rails_capable="false" mode="car" start="2748"/>
    <trip name="paraiso_random_walk_160" origin="1990934598" destination="1953466363" link_origin="5498" count="1" digital_rails_capable="false" mode="car" start="1480"/>
    <trip name="paraiso_random_walk_170" origin="1990934598" destination="1990911135" link_origin="5498" count="1" digital_rails_capable="false" mode="car" start="2088"/>
    <trip name="paraiso_random_walk_230" origin="1990934598" destination="1990911135" link_origin="5498" count="1" digital_rails_capable="false" mode="car" start="3267"/>
    <trip name="paraiso_random_walk_240" origin="1990934598" destination="1953466363" link_origin="5498" count="1" digital_rails_capable="false" mode="car" start="1364"/>
    <trip name="paraiso_random_walk_370" origin="1990934598" destination="1990911135" link_origin="5498" count="1" digital_rails_capable="false" mode="car" start="1165"/>
    <trip name="paraiso_random_walk_410" origin="1990934598" destination="1953466363" link_origin="5498" count="1" digital_rails_capable="false" mode="car" start="3115"/>
    <trip name="paraiso_random_walk_430" origin="1990934598" destination="1953466363" link_origin="5498" count="1" digital_rails_capable="false" mode="car" start="2950"/>
    <trip name="paraiso_random_walk_530" origin="1990934598" destination="1990911135" link_origin="5498" count="1" digital_rails_capable="false" mode="car" start="1623"/>
    <trip name="paraiso_random_walk_550" origin="1990934598" destination="1990911135" link_origin="5498" count="1" digital_rails_capable="false" mode="car" start="1036"/>
    <trip name="paraiso_random_walk_590" origin="1990934598" destination="1953466367" link_origin="5498" count="1" digital_rails_capable="false" mode="car" start="2237"/>
    <trip name="paraiso_random_walk_600" origin="1990934598" destination="1990911135" link_origin="5498" count="1" digital_rails_capable="false" mode="car" start="1975"/>
    <trip name="paraiso_random_walk_640" origin="1990934598" destination="1953466363" link_origin="5498" count="1" digital_rails_capable="false" mode="car" start="874"/>
    <trip name="paraiso_random_walk_720" origin="1990934598" destination="1953466367" link_origin="5498" count="1" digital_rails_capable="false" mode="car" start="3434"/>
    <trip name="paraiso_random_walk_930" origin="1990934598" destination="1953466363" link_origin="5498" count="1" digital_rails_capable="false" mode="car" start="3271"/>
    <trip name="paraiso_random_walk_960" origin="1990934598" destination="1953466363" link_origin="5498" count="1" digital_rails_capable="false" mode="car" start="2898"/>
    <trip name="paraiso_random_walk_1080" origin="1990934598" destination="1990911135" link_origin="5498" count="1" digital_rails_capable="false" mode="car" start="145"/>
    <trip name="paraiso_random_walk_1150" origin="1990934598" destination="1953466367" link_origin="5498" count="1" digital_rails_capable="false" mode="car" start="1845"/>
    <trip name="paraiso_random_walk_1200" origin="1990934598" destination="1990911135" link_origin="5498" count="1" digital_rails_capable="false" mode="car" start="609"/>
    <trip name="paraiso_random_walk_1240" origin="1990934598" destination="1953466363" link_origin="5498" count="1" digital_rails_capable="false" mode="car" start="3259"/>
    <trip name="paraiso_random_walk_1290" origin="1990934598" destination="1953466367" link_origin="5498" count="1" digital_rails_capable="false" mode="car" start="615"/>
    <trip name="paraiso_random_walk_1320" origin="1990934598" destination="1953466367" link_origin="5498" count="1" digital_rails_capable="false" mode="car" start="2973"/>
    <trip name="paraiso_random_walk_1380" origin="1990934598" destination="1953466363" link_origin="5498" count="1" digital_rails_capable="false" mode="car" start="3508"/>
    <trip name="paraiso_random_walk_1390" origin="1990934598" destination="1990911135" link_origin="5498" count="1" digital_rails_capable="false" mode="car" start="2195"/>
    <trip name="paraiso_random_walk_1470" origin="1990934598" destination="1953466367" link_origin="5498" count="1" digital_rails_capable="false" mode="car" start="880"/>
    <trip name="paraiso_random_walk_1490" origin="1990934598" destination="1953466363" link_origin="5498" count="1" digital_rails_capable="false" mode="car" start="1956"/>
    <trip name="paraiso_random_walk_1700" origin="1990934598" destination="1953466367" link_origin="5498" count="1" digital_rails_capable="false" mode="car" start="3187"/>
    <trip name="paraiso_random_walk_1790" origin="1990934598" destination="1990911135" link_origin="5498" count="1" digital_rails_capable="false" mode="car" start="3067"/>
    <trip name="paraiso_random_walk_1810" origin="1990934598" destination="1990911135" link_origin="5498" count="1" digital_rails_capable="false" mode="car" start="3531"/>
    <trip name="paraiso_random_walk_1870" origin="1990934598" destination="1953466367" link_origin="5498" count="1" digital_rails_capable="false" mode="car" start="3517"/>
    <trip name="paraiso_random_walk_1890" origin="1990934598" destination="1953466363" link_origin="5498" count="1" digital_rails_capable="false" mode="car" start="1212"/>
    <trip name="paraiso_random_walk_1960" origin="1990934598" destination="1990911135" link_origin="5498" count="1" digital_rails_capable="false" mode="car" start="412"/>
    <trip name="paraiso_random_walk_2000" origin="1990934598" destination="1953466367" link_origin="5498" count="1" digital_rails_capable="false" mode="car" start="695"/>
    <trip name="paraiso_random_walk_2100" origin="1990934598" destination="1953466363" link_origin="5498" count="1" digital_rails_capable="false" mode="car" start="3523"/>
    <trip name="paraiso_random_walk_2120" origin="1990934598" destination="1990911135" link_origin="5498" count="1" digital_rails_capable="false" mode="car" start="3559"/>
    <trip name="paraiso_random_walk_2170" origin="1990934598" destination="1990911135" link_origin="5498" count="1" digital_rails_capable="false" mode="car" start="3434"/>
    <trip name="paraiso_random_walk_2180" origin="1990934598" destination="1953466363" link_origin="5498" count="1" digital_rails_capable="false" mode="car" start="918"/>
    <trip name="paraiso_random_walk_2280" origin="1990934598" destination="1990911135" link_origin="5498" count="1" digital_rails_capable="false" mode="car" start="775"/>
    <trip name="paraiso_random_walk_2310" origin="1990934598" destination="1953466363" link_origin="5498" count="1" digital_rails_capable="false" mode="car" start="657"/>
    <trip name="paraiso_random_walk_2440" origin="1990934598" destination="1990911135" link_origin="5498" count="1" digital_rails_capable="false" mode="car" start="1709"/>
    <trip name="paraiso_random_walk_2450" origin="1990934598" destination="1953466363" link_origin="5498" count="1" digital_rails_capable="false" mode="car" start="2972"/>
    <trip name="paraiso_random_walk_2460" origin="1990934598" destination="1953466363" link_origin="5498" count="1" digital_rails_capable="false" mode="car" start="3444"/>
    <trip name="paraiso_random_walk_2520" origin="1990934598" destination="1953466367" link_origin="5498" count="1" digital_rails_capable="false" mode="car" start="956"/>
    <trip name="paraiso_random_walk_2590" origin="1990934598" destination="1953466363" link_origin="5498" count="1" digital_rails_capable="false" mode="car" start="3511"/>
    <trip name="paraiso_random_walk_2610" origin="1990934598" destination="1953466367" link_origin="5498" count="1" digital_rails_capable="false" mode="car" start="669"/>
    <trip name="paraiso_random_walk_2710" origin="1990934598" destination="1953466363" link_origin="5498" count="1" digital_rails_capable="false" mode="car" start="1928"/>
    <trip name="paraiso_random_walk_2790" origin="1990934598" destination="1953466363" link_origin="5498" count="1" digital_rails_capable="false" mode="car" start="2085"/>
    <trip name="paraiso_random_walk_2900" origin="1990934598" destination="1953466363" link_origin="5498" count="1" digital_rails_capable="false" mode="car" start="583"/>
    <trip name="paraiso_random_walk_2910" origin="1990934598" destination="1990911135" link_origin="5498" count="1" digital_rails_capable="false" mode="car" start="3347"/>
    <trip name="paraiso_random_walk_2920" origin="1990934598" destination="1990911135" link_origin="5498" count="1" digital_rails_capable="false" mode="car" start="3393"/>
    <trip name="paraiso_random_walk_3000" origin="1990934598" destination="1990911135" link_origin="5498" count="1" digital_rails_capable="false" mode="car" start="2247"/>
    <trip name="paraiso_random_walk_3020" origin="1990934598" destination="1990911135" link_origin="5498" count="1" digital_rails_capable="false" mode="car" start="3133"/>
    <trip name="paraiso_random_walk_3040" origin="1990934598" destination="1990911135" link_origin="5498" count="1" digital_rails_capable="false" mode="car" start="1105"/>
    <trip name="paraiso_random_walk_3070" origin="1990934598" destination="1953466363" link_origin="5498" count="1" digital_rails_capable="false" mode="car" start="1131"/>
    <trip name="paraiso_random_walk_3200" origin="1990934598" destination="1953466367" link_origin="5498" count="1" digital_rails_capable="false" mode="car" start="2348"/>
    <trip name="paraiso_random_walk_3280" origin="1990934598" destination="1990911135" link_origin="5498" count="1" digital_rails_capable="false" mode="car" start="1891"/>
    <trip name="paraiso_random_walk_3300" origin="1990934598" destination="1990911135" link_origin="5498" count="1" digital_rails_capable="false" mode="car" start="229"/>
    <trip name="paraiso_random_walk_3310" origin="1990934598" destination="1953466367" link_origin="5498" count="1" digital_rails_capable="false" mode="car" start="2978"/>
    <trip name="paraiso_random_walk_3340" origin="1990934598" destination="1953466367" link_origin="5498" count="1" digital_rails_capable="false" mode="car" start="1114"/>
    <trip name="paraiso_random_walk_3370" origin="1990934598" destination="1953466363" link_origin="5498" count="1" digital_rails_capable="false" mode="car" start="777"/>
    <trip name="paraiso_random_walk_3500" origin="1990934598" destination="1953466367" link_origin="5498" count="1" digital_rails_capable="false" mode="car" start="195"/>
    <trip name="paraiso_random_walk_3590" origin="1990934598" destination="1953466367" link_origin="5498" count="1" digital_rails_capable="false" mode="car" start="1114"/>
    <trip name="paraiso_random_walk_3640" origin="1990934598" destination="1990911135" link_origin="5498" count="1" digital_rails_capable="false" mode="car" start="3394"/>
    <trip name="paraiso_random_walk_3740" origin="1990934598" destination="1953466367" link_origin="5498" count="1" digital_rails_capable="false" mode="car" start="232"/>
    <trip name="paraiso_random_walk_3750" origin="1990934598" destination="1990911135" link_origin="5498" count="1" digital_rails_capable="false" mode="car" start="849"/>
    <trip name="paraiso_random_walk_3820" origin="1990934598" destination="1953466363" link_origin="5498" count="1" digital_rails_capable="false" mode="car" start="1127"/>
    <trip name="paraiso_random_walk_3890" origin="1990934598" destination="1953466363" link_origin="5498" count="1" digital_rails_capable="false" mode="car" start="2652"/>
    <trip name="paraiso_random_walk_3910" origin="1990934598" destination="1953466367" link_origin="5498" count="1" digital_rails_capable="false" mode="car" start="1248"/>
    <trip name="paraiso_random_walk_3950" origin="1990934598" destination="1953466363" link_origin="5498" count="1" digital_rails_capable="false" mode="car" start="988"/>
    <trip name="paraiso_random_walk_3980" origin="1990934598" destination="1953466363" link_origin="5498" count="1" digital_rails_capable="false" mode="car" start="1411"/>
    <trip name="paraiso_random_walk_4020" origin="1990934598" destination="1953466363" link_origin="5498" count="1" digital_rails_capable="false" mode="car" start="2526"/>
    <trip name="paraiso_random_walk_4060" origin="1990934598" destination="1990911135" link_origin="5498" count="1" digital_rails_capable="false" mode="car" start="1580"/>
    <trip name="paraiso_random_walk_4070" origin="1990934598" destination="1953466367" link_origin="5498" count="1" digital_rails_capable="false" mode="car" start="1144"/>
    <trip name="paraiso_random_walk_4150" origin="1990934598" destination="1953466363" link_origin="5498" count="1" digital_rails_capable="false" mode="car" start="827"/>
    <trip name="paraiso_random_walk_4190" origin="1990934598" destination="1953466367" link_origin="5498" count="1" digital_rails_capable="false" mode="car" start="640"/>
    <trip name="paraiso_random_walk_4210" origin="1990934598" destination="1990911135" link_origin="5498" count="1" digital_rails_capable="false" mode="car" start="1150"/>
    <trip name="paraiso_random_walk_4230" origin="1990934598" destination="1990911135" link_origin="5498" count="1" digital_rails_capable="false" mode="car" start="1554"/>
    <trip name="paraiso_random_walk_4240" origin="1990934598" destination="1953466363" link_origin="5498" count="1" digital_rails_capable="false" mode="car" start="1958"/>
    <trip name="paraiso_random_walk_4310" origin="1990934598" destination="1990911135" link_origin="5498" count="1" digital_rails_capable="false" mode="car" start="2735"/>
    <trip name="paraiso_random_walk_4330" origin="1990934598" destination="1990911135" link_origin="5498" count="1" digital_rails_capable="false" mode="car" start="2902"/>
    <trip name="paraiso_random_walk_4370" origin="1990934598" destination="1953466363" link_origin="5498" count="1" digital_rails_capable="false" mode="car" start="1063"/>
    <trip name="paraiso_random_walk_4380" origin="1990934598" destination="1953466367" link_origin="5498" count="1" digital_rails_capable="false" mode="car" start="2672"/>
    <trip name="paraiso_random_walk_4390" origin="1990934598" destination="1990911135" link_origin="5498" count="1" digital_rails_capable="false" mode="car" start="2674"/>
    <trip name="paraiso_random_walk_4440" origin="1990934598" destination="1990911135" link_origin="5498" count="1" digital_rails_capable="false" mode="car" start="2906"/>
    <trip name="paraiso_random_walk_4460" origin="1990934598" destination="1953466367" link_origin="5498" count="1" digital_rails_capable="false" mode="car" start="1448"/>
    <trip name="paraiso_random_walk_4530" origin="1990934598" destination="1953466367" link_origin="5498" count="1" digital_rails_capable="false" mode="car" start="3050"/>
    <trip name="paraiso_random_walk_4560" origin="1990934598" destination="1953466367" link_origin="5498" count="1" digital_rails_capable="false" mode="car" start="2596"/>
    <trip name="paraiso_random_walk_4590" origin="1990934598" destination="1953466363" link_origin="5498" count="1" digital_rails_capable="false" mode="car" start="2331"/>
    <trip name="paraiso_random_walk_4610" origin="1990934598" destination="1953466367" link_origin="5498" count="1" digital_rails_capable="false" mode="car" start="1391"/>
    <trip name="paraiso_random_walk_4680" origin="1990934598" destination="1990911135" link_origin="5498" count="1" digital_rails_capable="false" mode="car" start="865"/>
    <trip name="paraiso_random_walk_4740" origin="1990934598" destination="1990911135" link_origin="5498" count="1" digital_rails_capable="false" mode="car" start="2372"/>
    <trip name="paraiso_random_walk_4770" origin="1990934598" destination="1953466363" link_origin="5498" count="1" digital_rails_capable="false" mode="car" start="2634"/>
    <trip name="paraiso_random_walk_4910" origin="1990934598" destination="1953466367" link_origin="5498" count="1" digital_rails_capable="false" mode="car" start="1708"/>
    <trip name="paraiso_random_walk_4930" origin="1990934598" destination="1953466367" link_origin="5498" count="1" digital_rails_capable="false" mode="car" start="2674"/>
    <trip name="paraiso_random_walk_4950" origin="1990934598" destination="1990911135" link_origin="5498" count="1" digital_rails_capable="false" mode="car" start="1643"/>
    <trip name="paraiso_random_walk_5000" origin="1990934598" destination="1953466367" link_origin="5498" count="1" digital_rails_capable="false" mode="car" start="1040"/>
    <trip name="paraiso_random_walk_5010" origin="1990934598" destination="1953466363" link_origin="5498" count="1" digital_rails_capable="false" mode="car" start="351"/>
    <trip name="paraiso_random_walk_5050" origin="1990934598" destination="1953466363" link_origin="5498" count="1" digital_rails_capable="false" mode="car" start="3120"/>
    <trip name="paraiso_random_walk_5070" origin="1990934598" destination="1990911135" link_origin="5498" count="1" digital_rails_capable="false" mode="car" start="2216"/>
    <trip name="paraiso_random_walk_5210" origin="1990934598" destination="1990911135" link_origin="5498" count="1" digital_rails_capable="false" mode="car" start="717"/>
    <trip name="paraiso_random_walk_5240" origin="1990934598" destination="1953466363" link_origin="5498" count="1" digital_rails_capable="false" mode="car" start="3471"/>
    <trip name="paraiso_random_walk_5330" origin="1990934598" destination="1990911135" link_origin="5498" count="1" digital_rails_capable="false" mode="car" start="816"/>
    <trip name="paraiso_random_walk_5390" origin="1990934598" destination="1953466363" link_origin="5498" count="1" digital_rails_capable="false" mode="car" start="660"/>
    <trip name="paraiso_random_walk_5410" origin="1990934598" destination="1990911135" link_origin="5498" count="1" digital_rails_capable="false" mode="car" start="2791"/>
    <trip name="paraiso_random_walk_5440" origin="1990934598" destination="1990911135" link_origin="5498" count="1" digital_rails_capable="false" mode="car" start="1912"/>
    <trip name="paraiso_random_walk_5460" origin="1990934598" destination="1953466363" link_origin="5498" count="1" digital_rails_capable="false" mode="car" start="251"/>
    <trip name="paraiso_random_walk_5540" origin="1990934598" destination="1990911135" link_origin="5498" count="1" digital_rails_capable="false" mode="car" start="1265"/>
    <trip name="paraiso_random_walk_5630" origin="1990934598" destination="1953466363" link_origin="5498" count="1" digital_rails_capable="false" mode="car" start="16"/>
    <trip name="paraiso_random_walk_5670" origin="1990934598" destination="1990911135" link_origin="5498" count="1" digital_rails_capable="false" mode="car" start="2235"/>
    <trip name="paraiso_random_walk_5690" origin="1990934598" destination="1953466367" link_origin="5498" count="1" digital_rails_capable="false" mode="car" start="902"/>
    <trip name="paraiso_random_walk_5730" origin="1990934598" destination="1953466367" link_origin="5498" count="1" digital_rails_capable="false" mode="car" start="532"/>
    <trip name="paraiso_random_walk_5780" origin="1990934598" destination="1953466363" link_origin="5498" count="1" digital_rails_capable="false" mode="car" start="1929"/>
    <trip name="paraiso_random_walk_5880" origin="1990934598" destination="1990911135" link_origin="5498" count="1" digital_rails_capable="false" mode="car" start="2564"/>
    <trip name="paraiso_random_walk_5930" origin="1990934598" destination="1953466363" link_origin="5498" count="1" digital_rails_capable="false" mode="car" start="1076"/>
    <trip name="paraiso_random_walk_5940" origin="1990934598" destination="1953466363" link_origin="5498" count="1" digital_rails_capable="false" mode="car" start="568"/>
    <trip name="paraiso_random_walk_5950" origin="1990934598" destination="1953466367" link_origin="5498" count="1" digital_rails_capable="false" mode="car" start="3368"/>
    <trip name="paraiso_random_walk_6020" origin="1990934598" destination="1953466367" link_origin="5498" count="1" digital_rails_capable="false" mode="car" start="2683"/>
    <trip name="paraiso_random_walk_6030" origin="1990934598" destination="1953466363" link_origin="5498" count="1" digital_rails_capable="false" mode="car" start="59"/>
    <trip name="paraiso_random_walk_6060" origin="1990934598" destination="1990911135" link_origin="5498" count="1" digital_rails_capable="false" mode="car" start="3416"/>
    <trip name="paraiso_random_walk_6120" origin="1990934598" destination="1953466367" link_origin="5498" count="1" digital_rails_capable="false" mode="car" start="510"/>
    <trip name="paraiso_random_walk_6190" origin="1990934598" destination="1990911135" link_origin="5498" count="1" digital_rails_capable="false" mode="car" start="1668"/>
    <trip name="paraiso_random_walk_6220" origin="1990934598" destination="1953466367" link_origin="5498" count="1" digital_rails_capable="false" mode="car" start="2127"/>
    <trip name="paraiso_random_walk_6250" origin="1990934598" destination="1990911135" link_origin="5498" count="1" digital_rails_capable="false" mode="car" start="965"/>
    <trip name="paraiso_random_walk_6360" origin="1990934598" destination="1990911135" link_origin="5498" count="1" digital_rails_capable="false" mode="car" start="2601"/>
    <trip name="paraiso_random_walk_6440" origin="1990934598" destination="1990911135" link_origin="5498" count="1" digital_rails_capable="false" mode="car" start="2197"/>
    <trip name="paraiso_random_walk_6570" origin="1990934598" destination="1953466363" link_origin="5498" count="1" digital_rails_capable="false" mode="car" start="1203"/>
    <trip name="paraiso_random_walk_6600" origin="1990934598" destination="1953466363" link_origin="5498" count="1" digital_rails_capable="false" mode="car" start="956"/>
    <trip name="paraiso_random_walk_6720" origin="1990934598" destination="1953466363" link_origin="5498" count="1" digital_rails_capable="false" mode="car" start="2855"/>
    <trip name="paraiso_random_walk_6730" origin="1990934598" destination="1953466363" link_origin="5498" count="1" digital_rails_capable="false" mode="car" start="212"/>
    <trip name="paraiso_random_walk_6800" origin="1990934598" destination="1953466363" link_origin="5498" count="1" digital_rails_capable="false" mode="car" start="854"/>
    <trip name="paraiso_random_walk_6850" origin="1990934598" destination="1953466367" link_origin="5498" count="1" digital_rails_capable="false" mode="car" start="537"/>
    <trip name="paraiso_random_walk_6890" origin="1990934598" destination="1953466363" link_origin="5498" count="1" digital_rails_capable="false" mode="car" start="3199"/>
    <trip name="paraiso_random_walk_6900" origin="1990934598" destination="1953466367" link_origin="5498" count="1" digital_rails_capable="false" mode="car" start="3094"/>
    <trip name="paraiso_random_walk_6930" origin="1990934598" destination="1953466367" link_origin="5498" count="1" digital_rails_capable="false" mode="car" start="1790"/>
    <trip name="paraiso_random_walk_6950" origin="1990934598" destination="1990911135" link_origin="5498" count="1" digital_rails_capable="false" mode="car" start="1666"/>
    <trip name="paraiso_random_walk_6990" origin="1990934598" destination="1990911135" link_origin="5498" count="1" digital_rails_capable="false" mode="car" start="1187"/>
    <trip name="paraiso_random_walk_7020" origin="1990934598" destination="1953466367" link_origin="5498" count="1" digital_rails_capable="false" mode="car" start="1200"/>
    <trip name="paraiso_random_walk_7030" origin="1990934598" destination="1990911135" link_origin="5498" count="1" digital_rails_capable="false" mode="car" start="742"/>
</scsimulator_matrix>
