<?xml version="1.0" encoding="UTF-8" standalone="yes"?>
<scsimulator_matrix>
    <trip name="consolacao_random_walk_30" origin="1990911134" destination="1953466378" link_origin="4355" count="1" digital_rails_capable="false" mode="car" start="1153"/>
    <trip name="consolacao_random_walk_160" origin="1990911134" destination="1953466378" link_origin="4355" count="1" digital_rails_capable="false" mode="car" start="2531"/>
    <trip name="consolacao_random_walk_360" origin="1990911134" destination="60609811" link_origin="4355" count="1" digital_rails_capable="false" mode="car" start="2918"/>
    <trip name="consolacao_random_walk_400" origin="1990911134" destination="60609811" link_origin="4355" count="1" digital_rails_capable="false" mode="car" start="2152"/>
    <trip name="consolacao_random_walk_430" origin="1990911134" destination="60609811" link_origin="4355" count="1" digital_rails_capable="false" mode="car" start="979"/>
    <trip name="consolacao_random_walk_450" origin="1990911134" destination="1990934597" link_origin="4355" count="1" digital_rails_capable="false" mode="car" start="1273"/>
    <trip name="consolacao_random_walk_460" origin="1990911134" destination="60609811" link_origin="4355" count="1" digital_rails_capable="false" mode="car" start="1472"/>
    <trip name="consolacao_random_walk_620" origin="1990911134" destination="1953466378" link_origin="4355" count="1" digital_rails_capable="false" mode="car" start="32"/>
    <trip name="consolacao_random_walk_760" origin="1990911134" destination="60609811" link_origin="4355" count="1" digital_rails_capable="false" mode="car" start="1264"/>
    <trip name="consolacao_random_walk_790" origin="1990911134" destination="1953466378" link_origin="4355" count="1" digital_rails_capable="false" mode="car" start="2300"/>
    <trip name="consolacao_random_walk_840" origin="1990911134" destination="60609811" link_origin="4355" count="1" digital_rails_capable="false" mode="car" start="388"/>
    <trip name="consolacao_random_walk_880" origin="1990911134" destination="1953466378" link_origin="4355" count="1" digital_rails_capable="false" mode="car" start="24"/>
    <trip name="consolacao_random_walk_1000" origin="1990911134" destination="1990934597" link_origin="4355" count="1" digital_rails_capable="false" mode="car" start="2256"/>
    <trip name="consolacao_random_walk_1130" origin="1990911134" destination="1953466378" link_origin="4355" count="1" digital_rails_capable="false" mode="car" start="2230"/>
    <trip name="consolacao_random_walk_1140" origin="1990911134" destination="1990934597" link_origin="4355" count="1" digital_rails_capable="false" mode="car" start="2606"/>
    <trip name="consolacao_random_walk_1150" origin="1990911134" destination="1953466378" link_origin="4355" count="1" digital_rails_capable="false" mode="car" start="3554"/>
    <trip name="consolacao_random_walk_1170" origin="1990911134" destination="1990934597" link_origin="4355" count="1" digital_rails_capable="false" mode="car" start="501"/>
    <trip name="consolacao_random_walk_1240" origin="1990911134" destination="60609811" link_origin="4355" count="1" digital_rails_capable="false" mode="car" start="28"/>
    <trip name="consolacao_random_walk_1250" origin="1990911134" destination="60609811" link_origin="4355" count="1" digital_rails_capable="false" mode="car" start="2305"/>
    <trip name="consolacao_random_walk_1340" origin="1990911134" destination="1953466378" link_origin="4355" count="1" digital_rails_capable="false" mode="car" start="353"/>
    <trip name="consolacao_random_walk_1360" origin="1990911134" destination="1953466378" link_origin="4355" count="1" digital_rails_capable="false" mode="car" start="3135"/>
    <trip name="consolacao_random_walk_1470" origin="1990911134" destination="1990934597" link_origin="4355" count="1" digital_rails_capable="false" mode="car" start="212"/>
    <trip name="consolacao_random_walk_1490" origin="1990911134" destination="1953466378" link_origin="4355" count="1" digital_rails_capable="false" mode="car" start="3053"/>
    <trip name="consolacao_random_walk_1590" origin="1990911134" destination="1990934597" link_origin="4355" count="1" digital_rails_capable="false" mode="car" start="3218"/>
    <trip name="consolacao_random_walk_1700" origin="1990911134" destination="60609811" link_origin="4355" count="1" digital_rails_capable="false" mode="car" start="2412"/>
    <trip name="consolacao_random_walk_1710" origin="1990911134" destination="1953466378" link_origin="4355" count="1" digital_rails_capable="false" mode="car" start="2404"/>
    <trip name="consolacao_random_walk_1720" origin="1990911134" destination="1990934597" link_origin="4355" count="1" digital_rails_capable="false" mode="car" start="473"/>
    <trip name="consolacao_random_walk_1750" origin="1990911134" destination="60609811" link_origin="4355" count="1" digital_rails_capable="false" mode="car" start="736"/>
    <trip name="consolacao_random_walk_1800" origin="1990911134" destination="1990934597" link_origin="4355" count="1" digital_rails_capable="false" mode="car" start="961"/>
    <trip name="consolacao_random_walk_1830" origin="1990911134" destination="1953466378" link_origin="4355" count="1" digital_rails_capable="false" mode="car" start="3508"/>
    <trip name="consolacao_random_walk_1860" origin="1990911134" destination="1990934597" link_origin="4355" count="1" digital_rails_capable="false" mode="car" start="1759"/>
    <trip name="consolacao_random_walk_1960" origin="1990911134" destination="60609811" link_origin="4355" count="1" digital_rails_capable="false" mode="car" start="292"/>
    <trip name="consolacao_random_walk_1970" origin="1990911134" destination="1990934597" link_origin="4355" count="1" digital_rails_capable="false" mode="car" start="3174"/>
    <trip name="consolacao_random_walk_2020" origin="1990911134" destination="1990934597" link_origin="4355" count="1" digital_rails_capable="false" mode="car" start="3209"/>
    <trip name="consolacao_random_walk_2030" origin="1990911134" destination="60609811" link_origin="4355" count="1" digital_rails_capable="false" mode="car" start="11"/>
    <trip name="consolacao_random_walk_2070" origin="1990911134" destination="1953466378" link_origin="4355" count="1" digital_rails_capable="false" mode="car" start="2928"/>
    <trip name="consolacao_random_walk_2130" origin="1990911134" destination="1953466378" link_origin="4355" count="1" digital_rails_capable="false" mode="car" start="701"/>
    <trip name="consolacao_random_walk_2180" origin="1990911134" destination="1953466378" link_origin="4355" count="1" digital_rails_capable="false" mode="car" start="2316"/>
    <trip name="consolacao_random_walk_2200" origin="1990911134" destination="60609811" link_origin="4355" count="1" digital_rails_capable="false" mode="car" start="35"/>
    <trip name="consolacao_random_walk_2220" origin="1990911134" destination="60609811" link_origin="4355" count="1" digital_rails_capable="false" mode="car" start="3081"/>
    <trip name="consolacao_random_walk_2250" origin="1990911134" destination="1990934597" link_origin="4355" count="1" digital_rails_capable="false" mode="car" start="59"/>
    <trip name="consolacao_random_walk_2300" origin="1990911134" destination="60609811" link_origin="4355" count="1" digital_rails_capable="false" mode="car" start="2405"/>
    <trip name="consolacao_random_walk_2380" origin="1990911134" destination="1990934597" link_origin="4355" count="1" digital_rails_capable="false" mode="car" start="1731"/>
    <trip name="consolacao_random_walk_2390" origin="1990911134" destination="60609811" link_origin="4355" count="1" digital_rails_capable="false" mode="car" start="2852"/>
    <trip name="consolacao_random_walk_2400" origin="1990911134" destination="60609811" link_origin="4355" count="1" digital_rails_capable="false" mode="car" start="2717"/>
    <trip name="consolacao_random_walk_2500" origin="1990911134" destination="60609811" link_origin="4355" count="1" digital_rails_capable="false" mode="car" start="2223"/>
    <trip name="consolacao_random_walk_2510" origin="1990911134" destination="60609811" link_origin="4355" count="1" digital_rails_capable="false" mode="car" start="1153"/>
    <trip name="consolacao_random_walk_2620" origin="1990911134" destination="1990934597" link_origin="4355" count="1" digital_rails_capable="false" mode="car" start="418"/>
    <trip name="consolacao_random_walk_2650" origin="1990911134" destination="60609811" link_origin="4355" count="1" digital_rails_capable="false" mode="car" start="1518"/>
    <trip name="consolacao_random_walk_2660" origin="1990911134" destination="1953466378" link_origin="4355" count="1" digital_rails_capable="false" mode="car" start="541"/>
    <trip name="consolacao_random_walk_2760" origin="1990911134" destination="1990934597" link_origin="4355" count="1" digital_rails_capable="false" mode="car" start="1197"/>
    <trip name="consolacao_random_walk_2790" origin="1990911134" destination="1953466378" link_origin="4355" count="1" digital_rails_capable="false" mode="car" start="1491"/>
    <trip name="consolacao_random_walk_2890" origin="1990911134" destination="60609811" link_origin="4355" count="1" digital_rails_capable="false" mode="car" start="3238"/>
    <trip name="consolacao_random_walk_2900" origin="1990911134" destination="60609811" link_origin="4355" count="1" digital_rails_capable="false" mode="car" start="2007"/>
    <trip name="consolacao_random_walk_2920" origin="1990911134" destination="1990934597" link_origin="4355" count="1" digital_rails_capable="false" mode="car" start="3593"/>
    <trip name="consolacao_random_walk_2940" origin="1990911134" destination="1990934597" link_origin="4355" count="1" digital_rails_capable="false" mode="car" start="2243"/>
    <trip name="consolacao_random_walk_2980" origin="1990911134" destination="1990934597" link_origin="4355" count="1" digital_rails_capable="false" mode="car" start="2073"/>
    <trip name="consolacao_random_walk_3050" origin="1990911134" destination="60609811" link_origin="4355" count="1" digital_rails_capable="false" mode="car" start="2298"/>
</scsimulator_matrix>
