<?xml version="1.0" encoding="UTF-8" standalone="yes"?>
<scsimulator_matrix>
    <trip name="paraiso_random_walk_00" origin="1990911135" destination="1953466367" link_origin="4349" count="1" digital_rails_capable="false" mode="car" start="2118"/>
    <trip name="paraiso_random_walk_10" origin="303863453" destination="1990934598" link_origin="4390" count="1" digital_rails_capable="false" mode="car" start="3400"/>
    <trip name="paraiso_random_walk_20" origin="303863453" destination="1990934598" link_origin="4390" count="1" digital_rails_capable="false" mode="car" start="1324"/>
    <trip name="paraiso_random_walk_30" origin="303863453" destination="1990911135" link_origin="4390" count="1" digital_rails_capable="false" mode="car" start="2725"/>
    <trip name="paraiso_random_walk_40" origin="303863453" destination="1953466367" link_origin="4390" count="1" digital_rails_capable="false" mode="car" start="2282"/>
    <trip name="paraiso_random_walk_50" origin="303863453" destination="1953466363" link_origin="4390" count="1" digital_rails_capable="false" mode="car" start="2679"/>
    <trip name="paraiso_random_walk_120" origin="1953466367" destination="1953466363" link_origin="4345" count="1" digital_rails_capable="false" mode="car" start="1597"/>
    <trip name="paraiso_random_walk_130" origin="1990911135" destination="1953466363" link_origin="4349" count="1" digital_rails_capable="false" mode="car" start="3362"/>
    <trip name="paraiso_random_walk_140" origin="303863453" destination="1990911135" link_origin="4390" count="1" digital_rails_capable="false" mode="car" start="1419"/>
    <trip name="paraiso_random_walk_200" origin="1990911135" destination="1953466363" link_origin="4349" count="1" digital_rails_capable="false" mode="car" start="3030"/>
    <trip name="paraiso_random_walk_220" origin="303863453" destination="1953466363" link_origin="4390" count="1" digital_rails_capable="false" mode="car" start="1011"/>
    <trip name="paraiso_random_walk_260" origin="303863453" destination="1953466363" link_origin="4390" count="1" digital_rails_capable="false" mode="car" start="3074"/>
    <trip name="paraiso_random_walk_270" origin="1990911135" destination="1953466363" link_origin="4349" count="1" digital_rails_capable="false" mode="car" start="523"/>
    <trip name="paraiso_random_walk_280" origin="303863453" destination="1990911135" link_origin="4390" count="1" digital_rails_capable="false" mode="car" start="3560"/>
    <trip name="paraiso_random_walk_290" origin="1990911135" destination="1953466363" link_origin="4349" count="1" digital_rails_capable="false" mode="car" start="3515"/>
    <trip name="paraiso_random_walk_300" origin="303863453" destination="1953466363" link_origin="4390" count="1" digital_rails_capable="false" mode="car" start="2968"/>
    <trip name="paraiso_random_walk_320" origin="303863453" destination="1990934598" link_origin="4390" count="1" digital_rails_capable="false" mode="car" start="3210"/>
    <trip name="paraiso_random_walk_330" origin="303863453" destination="1990934598" link_origin="4390" count="1" digital_rails_capable="false" mode="car" start="507"/>
    <trip name="paraiso_random_walk_360" origin="1990911135" destination="1953466363" link_origin="4349" count="1" digital_rails_capable="false" mode="car" start="1429"/>
    <trip name="paraiso_random_walk_380" origin="1990911135" destination="1953466363" link_origin="4349" count="1" digital_rails_capable="false" mode="car" start="3305"/>
    <trip name="paraiso_random_walk_390" origin="1990911135" destination="1953466363" link_origin="4349" count="1" digital_rails_capable="false" mode="car" start="286"/>
    <trip name="paraiso_random_walk_420" origin="303863453" destination="1990911135" link_origin="4390" count="1" digital_rails_capable="false" mode="car" start="889"/>
    <trip name="paraiso_random_walk_460" origin="1990911135" destination="1953466367" link_origin="4349" count="1" digital_rails_capable="false" mode="car" start="3131"/>
    <trip name="paraiso_random_walk_470" origin="1990911135" destination="1953466367" link_origin="4349" count="1" digital_rails_capable="false" mode="car" start="2802"/>
    <trip name="paraiso_random_walk_480" origin="303863453" destination="1953466363" link_origin="4390" count="1" digital_rails_capable="false" mode="car" start="3576"/>
    <trip name="paraiso_random_walk_490" origin="303863453" destination="1990934598" link_origin="4390" count="1" digital_rails_capable="false" mode="car" start="2983"/>
    <trip name="paraiso_random_walk_520" origin="303863453" destination="1990934598" link_origin="4390" count="1" digital_rails_capable="false" mode="car" start="2786"/>
    <trip name="paraiso_random_walk_540" origin="1953466367" destination="1953466363" link_origin="4345" count="1" digital_rails_capable="false" mode="car" start="440"/>
    <trip name="paraiso_random_walk_560" origin="1990911135" destination="1953466363" link_origin="4349" count="1" digital_rails_capable="false" mode="car" start="1159"/>
    <trip name="paraiso_random_walk_570" origin="1953466367" destination="1953466363" link_origin="4345" count="1" digital_rails_capable="false" mode="car" start="102"/>
    <trip name="paraiso_random_walk_580" origin="303863453" destination="1990934598" link_origin="4390" count="1" digital_rails_capable="false" mode="car" start="2769"/>
    <trip name="paraiso_random_walk_610" origin="303863453" destination="1953466363" link_origin="4390" count="1" digital_rails_capable="false" mode="car" start="392"/>
    <trip name="paraiso_random_walk_620" origin="303863453" destination="1953466363" link_origin="4390" count="1" digital_rails_capable="false" mode="car" start="2184"/>
    <trip name="paraiso_random_walk_650" origin="303863453" destination="1953466367" link_origin="4390" count="1" digital_rails_capable="false" mode="car" start="3518"/>
    <trip name="paraiso_random_walk_660" origin="1953466367" destination="1953466363" link_origin="4345" count="1" digital_rails_capable="false" mode="car" start="2094"/>
    <trip name="paraiso_random_walk_690" origin="1953466367" destination="1953466363" link_origin="4345" count="1" digital_rails_capable="false" mode="car" start="1975"/>
    <trip name="paraiso_random_walk_710" origin="303863453" destination="1953466367" link_origin="4390" count="1" digital_rails_capable="false" mode="car" start="421"/>
    <trip name="paraiso_random_walk_750" origin="303863453" destination="1990934598" link_origin="4390" count="1" digital_rails_capable="false" mode="car" start="93"/>
    <trip name="paraiso_random_walk_760" origin="303863453" destination="1990911135" link_origin="4390" count="1" digital_rails_capable="false" mode="car" start="1835"/>
    <trip name="paraiso_random_walk_770" origin="1990911135" destination="1953466363" link_origin="4349" count="1" digital_rails_capable="false" mode="car" start="2413"/>
    <trip name="paraiso_random_walk_780" origin="303863453" destination="1990911135" link_origin="4390" count="1" digital_rails_capable="false" mode="car" start="2098"/>
    <trip name="paraiso_random_walk_790" origin="1990911135" destination="1953466363" link_origin="4349" count="1" digital_rails_capable="false" mode="car" start="2968"/>
    <trip name="paraiso_random_walk_810" origin="303863453" destination="1953466363" link_origin="4390" count="1" digital_rails_capable="false" mode="car" start="658"/>
    <trip name="paraiso_random_walk_820" origin="303863453" destination="1953466363" link_origin="4390" count="1" digital_rails_capable="false" mode="car" start="806"/>
    <trip name="paraiso_random_walk_830" origin="1990911135" destination="1953466367" link_origin="4349" count="1" digital_rails_capable="false" mode="car" start="2837"/>
    <trip name="paraiso_random_walk_850" origin="1990911135" destination="1953466363" link_origin="4349" count="1" digital_rails_capable="false" mode="car" start="3159"/>
    <trip name="paraiso_random_walk_860" origin="303863453" destination="1953466367" link_origin="4390" count="1" digital_rails_capable="false" mode="car" start="2656"/>
    <trip name="paraiso_random_walk_880" origin="303863453" destination="1953466363" link_origin="4390" count="1" digital_rails_capable="false" mode="car" start="2218"/>
    <trip name="paraiso_random_walk_900" origin="303863453" destination="1953466367" link_origin="4390" count="1" digital_rails_capable="false" mode="car" start="2904"/>
    <trip name="paraiso_random_walk_910" origin="1990911135" destination="1953466363" link_origin="4349" count="1" digital_rails_capable="false" mode="car" start="1599"/>
    <trip name="paraiso_random_walk_970" origin="303863453" destination="1990934598" link_origin="4390" count="1" digital_rails_capable="false" mode="car" start="2723"/>
    <trip name="paraiso_random_walk_1010" origin="1990911135" destination="1953466367" link_origin="4349" count="1" digital_rails_capable="false" mode="car" start="180"/>
    <trip name="paraiso_random_walk_1020" origin="1953466367" destination="1953466363" link_origin="4345" count="1" digital_rails_capable="false" mode="car" start="2723"/>
    <trip name="paraiso_random_walk_1030" origin="1990911135" destination="1953466367" link_origin="4349" count="1" digital_rails_capable="false" mode="car" start="1771"/>
    <trip name="paraiso_random_walk_1050" origin="303863453" destination="1953466367" link_origin="4390" count="1" digital_rails_capable="false" mode="car" start="851"/>
    <trip name="paraiso_random_walk_1060" origin="303863453" destination="1953466367" link_origin="4390" count="1" digital_rails_capable="false" mode="car" start="688"/>
    <trip name="paraiso_random_walk_1070" origin="1990911135" destination="1953466363" link_origin="4349" count="1" digital_rails_capable="false" mode="car" start="825"/>
    <trip name="paraiso_random_walk_1090" origin="1990911135" destination="1953466367" link_origin="4349" count="1" digital_rails_capable="false" mode="car" start="1559"/>
    <trip name="paraiso_random_walk_1100" origin="303863453" destination="1990911135" link_origin="4390" count="1" digital_rails_capable="false" mode="car" start="1238"/>
    <trip name="paraiso_random_walk_1110" origin="303863453" destination="1990911135" link_origin="4390" count="1" digital_rails_capable="false" mode="car" start="1564"/>
    <trip name="paraiso_random_walk_1120" origin="303863453" destination="1990911135" link_origin="4390" count="1" digital_rails_capable="false" mode="car" start="368"/>
    <trip name="paraiso_random_walk_1130" origin="1953466367" destination="1953466363" link_origin="4345" count="1" digital_rails_capable="false" mode="car" start="1169"/>
    <trip name="paraiso_random_walk_1180" origin="303863453" destination="1990911135" link_origin="4390" count="1" digital_rails_capable="false" mode="car" start="3256"/>
    <trip name="paraiso_random_walk_1190" origin="303863453" destination="1953466367" link_origin="4390" count="1" digital_rails_capable="false" mode="car" start="3510"/>
    <trip name="paraiso_random_walk_1210" origin="303863453" destination="1990934598" link_origin="4390" count="1" digital_rails_capable="false" mode="car" start="1910"/>
    <trip name="paraiso_random_walk_1220" origin="303863453" destination="1990934598" link_origin="4390" count="1" digital_rails_capable="false" mode="car" start="1260"/>
    <trip name="paraiso_random_walk_1230" origin="303863453" destination="1990934598" link_origin="4390" count="1" digital_rails_capable="false" mode="car" start="2909"/>
    <trip name="paraiso_random_walk_1260" origin="1953466367" destination="1953466363" link_origin="4345" count="1" digital_rails_capable="false" mode="car" start="3045"/>
    <trip name="paraiso_random_walk_1300" origin="303863453" destination="1953466363" link_origin="4390" count="1" digital_rails_capable="false" mode="car" start="1009"/>
    <trip name="paraiso_random_walk_1310" origin="1990911135" destination="1953466367" link_origin="4349" count="1" digital_rails_capable="false" mode="car" start="3529"/>
    <trip name="paraiso_random_walk_1330" origin="303863453" destination="1990934598" link_origin="4390" count="1" digital_rails_capable="false" mode="car" start="3579"/>
    <trip name="paraiso_random_walk_1340" origin="1953466367" destination="1953466363" link_origin="4345" count="1" digital_rails_capable="false" mode="car" start="71"/>
    <trip name="paraiso_random_walk_1350" origin="303863453" destination="1953466367" link_origin="4390" count="1" digital_rails_capable="false" mode="car" start="695"/>
    <trip name="paraiso_random_walk_1430" origin="303863453" destination="1990911135" link_origin="4390" count="1" digital_rails_capable="false" mode="car" start="1070"/>
    <trip name="paraiso_random_walk_1440" origin="1990911135" destination="1953466363" link_origin="4349" count="1" digital_rails_capable="false" mode="car" start="3324"/>
    <trip name="paraiso_random_walk_1460" origin="1990911135" destination="1953466367" link_origin="4349" count="1" digital_rails_capable="false" mode="car" start="1507"/>
    <trip name="paraiso_random_walk_1500" origin="1953466367" destination="1953466363" link_origin="4345" count="1" digital_rails_capable="false" mode="car" start="3080"/>
    <trip name="paraiso_random_walk_1510" origin="1953466367" destination="1953466363" link_origin="4345" count="1" digital_rails_capable="false" mode="car" start="2292"/>
    <trip name="paraiso_random_walk_1530" origin="303863453" destination="1953466363" link_origin="4390" count="1" digital_rails_capable="false" mode="car" start="2046"/>
    <trip name="paraiso_random_walk_1550" origin="303863453" destination="1990934598" link_origin="4390" count="1" digital_rails_capable="false" mode="car" start="3028"/>
    <trip name="paraiso_random_walk_1580" origin="1990911135" destination="1953466367" link_origin="4349" count="1" digital_rails_capable="false" mode="car" start="3369"/>
    <trip name="paraiso_random_walk_1630" origin="303863453" destination="1953466367" link_origin="4390" count="1" digital_rails_capable="false" mode="car" start="1080"/>
    <trip name="paraiso_random_walk_1650" origin="1990911135" destination="1953466363" link_origin="4349" count="1" digital_rails_capable="false" mode="car" start="3552"/>
    <trip name="paraiso_random_walk_1660" origin="303863453" destination="1953466367" link_origin="4390" count="1" digital_rails_capable="false" mode="car" start="2209"/>
    <trip name="paraiso_random_walk_1670" origin="1953466367" destination="1953466363" link_origin="4345" count="1" digital_rails_capable="false" mode="car" start="2896"/>
    <trip name="paraiso_random_walk_1680" origin="303863453" destination="1990911135" link_origin="4390" count="1" digital_rails_capable="false" mode="car" start="39"/>
    <trip name="paraiso_random_walk_1690" origin="303863453" destination="1990934598" link_origin="4390" count="1" digital_rails_capable="false" mode="car" start="1935"/>
    <trip name="paraiso_random_walk_1720" origin="303863453" destination="1953466363" link_origin="4390" count="1" digital_rails_capable="false" mode="car" start="3121"/>
    <trip name="paraiso_random_walk_1730" origin="1990911135" destination="1953466367" link_origin="4349" count="1" digital_rails_capable="false" mode="car" start="1031"/>
    <trip name="paraiso_random_walk_1740" origin="303863453" destination="1953466367" link_origin="4390" count="1" digital_rails_capable="false" mode="car" start="2400"/>
    <trip name="paraiso_random_walk_1750" origin="1990911135" destination="1953466363" link_origin="4349" count="1" digital_rails_capable="false" mode="car" start="2135"/>
    <trip name="paraiso_random_walk_1770" origin="1990911135" destination="1953466367" link_origin="4349" count="1" digital_rails_capable="false" mode="car" start="1364"/>
    <trip name="paraiso_random_walk_1780" origin="303863453" destination="1990934598" link_origin="4390" count="1" digital_rails_capable="false" mode="car" start="218"/>
    <trip name="paraiso_random_walk_1800" origin="303863453" destination="1953466367" link_origin="4390" count="1" digital_rails_capable="false" mode="car" start="1308"/>
    <trip name="paraiso_random_walk_1820" origin="303863453" destination="1990911135" link_origin="4390" count="1" digital_rails_capable="false" mode="car" start="2604"/>
    <trip name="paraiso_random_walk_1850" origin="303863453" destination="1990934598" link_origin="4390" count="1" digital_rails_capable="false" mode="car" start="2253"/>
    <trip name="paraiso_random_walk_1860" origin="303863453" destination="1990911135" link_origin="4390" count="1" digital_rails_capable="false" mode="car" start="514"/>
    <trip name="paraiso_random_walk_1880" origin="1990911135" destination="1953466363" link_origin="4349" count="1" digital_rails_capable="false" mode="car" start="1316"/>
    <trip name="paraiso_random_walk_1900" origin="303863453" destination="1953466363" link_origin="4390" count="1" digital_rails_capable="false" mode="car" start="3316"/>
    <trip name="paraiso_random_walk_1910" origin="1990911135" destination="1953466363" link_origin="4349" count="1" digital_rails_capable="false" mode="car" start="976"/>
    <trip name="paraiso_random_walk_1940" origin="303863453" destination="1953466367" link_origin="4390" count="1" digital_rails_capable="false" mode="car" start="1263"/>
    <trip name="paraiso_random_walk_1980" origin="303863453" destination="1953466363" link_origin="4390" count="1" digital_rails_capable="false" mode="car" start="1899"/>
    <trip name="paraiso_random_walk_1990" origin="303863453" destination="1953466363" link_origin="4390" count="1" digital_rails_capable="false" mode="car" start="2038"/>
    <trip name="paraiso_random_walk_2010" origin="303863453" destination="1990911135" link_origin="4390" count="1" digital_rails_capable="false" mode="car" start="836"/>
    <trip name="paraiso_random_walk_2020" origin="1953466367" destination="1953466363" link_origin="4345" count="1" digital_rails_capable="false" mode="car" start="1414"/>
    <trip name="paraiso_random_walk_2030" origin="303863453" destination="1990911135" link_origin="4390" count="1" digital_rails_capable="false" mode="car" start="2080"/>
    <trip name="paraiso_random_walk_2080" origin="303863453" destination="1990911135" link_origin="4390" count="1" digital_rails_capable="false" mode="car" start="3563"/>
    <trip name="paraiso_random_walk_2090" origin="1990911135" destination="1953466367" link_origin="4349" count="1" digital_rails_capable="false" mode="car" start="3537"/>
    <trip name="paraiso_random_walk_2110" origin="1953466367" destination="1953466363" link_origin="4345" count="1" digital_rails_capable="false" mode="car" start="132"/>
    <trip name="paraiso_random_walk_2130" origin="1990911135" destination="1953466363" link_origin="4349" count="1" digital_rails_capable="false" mode="car" start="2902"/>
    <trip name="paraiso_random_walk_2140" origin="303863453" destination="1990934598" link_origin="4390" count="1" digital_rails_capable="false" mode="car" start="1271"/>
    <trip name="paraiso_random_walk_2150" origin="303863453" destination="1953466367" link_origin="4390" count="1" digital_rails_capable="false" mode="car" start="297"/>
    <trip name="paraiso_random_walk_2160" origin="303863453" destination="1953466367" link_origin="4390" count="1" digital_rails_capable="false" mode="car" start="1531"/>
    <trip name="paraiso_random_walk_2190" origin="1990911135" destination="1953466363" link_origin="4349" count="1" digital_rails_capable="false" mode="car" start="66"/>
    <trip name="paraiso_random_walk_2200" origin="303863453" destination="1990934598" link_origin="4390" count="1" digital_rails_capable="false" mode="car" start="1423"/>
    <trip name="paraiso_random_walk_2230" origin="303863453" destination="1990934598" link_origin="4390" count="1" digital_rails_capable="false" mode="car" start="3400"/>
    <trip name="paraiso_random_walk_2250" origin="303863453" destination="1990911135" link_origin="4390" count="1" digital_rails_capable="false" mode="car" start="2452"/>
    <trip name="paraiso_random_walk_2260" origin="1953466367" destination="1953466363" link_origin="4345" count="1" digital_rails_capable="false" mode="car" start="3133"/>
    <trip name="paraiso_random_walk_2270" origin="1990911135" destination="1953466367" link_origin="4349" count="1" digital_rails_capable="false" mode="car" start="1812"/>
    <trip name="paraiso_random_walk_2300" origin="1990911135" destination="1953466367" link_origin="4349" count="1" digital_rails_capable="false" mode="car" start="3011"/>
    <trip name="paraiso_random_walk_2320" origin="1990911135" destination="1953466367" link_origin="4349" count="1" digital_rails_capable="false" mode="car" start="2095"/>
    <trip name="paraiso_random_walk_2340" origin="1990911135" destination="1953466367" link_origin="4349" count="1" digital_rails_capable="false" mode="car" start="2746"/>
    <trip name="paraiso_random_walk_2350" origin="1953466367" destination="1953466363" link_origin="4345" count="1" digital_rails_capable="false" mode="car" start="2723"/>
    <trip name="paraiso_random_walk_2360" origin="1953466367" destination="1953466363" link_origin="4345" count="1" digital_rails_capable="false" mode="car" start="2046"/>
    <trip name="paraiso_random_walk_2410" origin="1990911135" destination="1953466363" link_origin="4349" count="1" digital_rails_capable="false" mode="car" start="2612"/>
    <trip name="paraiso_random_walk_2420" origin="1990911135" destination="1953466367" link_origin="4349" count="1" digital_rails_capable="false" mode="car" start="1259"/>
    <trip name="paraiso_random_walk_2430" origin="303863453" destination="1990934598" link_origin="4390" count="1" digital_rails_capable="false" mode="car" start="2008"/>
    <trip name="paraiso_random_walk_2490" origin="303863453" destination="1953466367" link_origin="4390" count="1" digital_rails_capable="false" mode="car" start="2708"/>
    <trip name="paraiso_random_walk_2510" origin="1953466367" destination="1953466363" link_origin="4345" count="1" digital_rails_capable="false" mode="car" start="164"/>
    <trip name="paraiso_random_walk_2550" origin="1953466367" destination="1953466363" link_origin="4345" count="1" digital_rails_capable="false" mode="car" start="1609"/>
    <trip name="paraiso_random_walk_2560" origin="303863453" destination="1990934598" link_origin="4390" count="1" digital_rails_capable="false" mode="car" start="3448"/>
    <trip name="paraiso_random_walk_2570" origin="1990911135" destination="1953466363" link_origin="4349" count="1" digital_rails_capable="false" mode="car" start="801"/>
    <trip name="paraiso_random_walk_2620" origin="1990911135" destination="1953466363" link_origin="4349" count="1" digital_rails_capable="false" mode="car" start="1798"/>
    <trip name="paraiso_random_walk_2630" origin="1990911135" destination="1953466363" link_origin="4349" count="1" digital_rails_capable="false" mode="car" start="3047"/>
    <trip name="paraiso_random_walk_2640" origin="1990911135" destination="1953466363" link_origin="4349" count="1" digital_rails_capable="false" mode="car" start="2127"/>
    <trip name="paraiso_random_walk_2650" origin="1953466367" destination="1953466363" link_origin="4345" count="1" digital_rails_capable="false" mode="car" start="857"/>
    <trip name="paraiso_random_walk_2660" origin="303863453" destination="1953466363" link_origin="4390" count="1" digital_rails_capable="false" mode="car" start="1291"/>
    <trip name="paraiso_random_walk_2670" origin="1953466367" destination="1953466363" link_origin="4345" count="1" digital_rails_capable="false" mode="car" start="2555"/>
    <trip name="paraiso_random_walk_2690" origin="303863453" destination="1990934598" link_origin="4390" count="1" digital_rails_capable="false" mode="car" start="2687"/>
    <trip name="paraiso_random_walk_2700" origin="303863453" destination="1953466367" link_origin="4390" count="1" digital_rails_capable="false" mode="car" start="636"/>
    <trip name="paraiso_random_walk_2720" origin="303863453" destination="1953466367" link_origin="4390" count="1" digital_rails_capable="false" mode="car" start="1866"/>
    <trip name="paraiso_random_walk_2730" origin="303863453" destination="1953466363" link_origin="4390" count="1" digital_rails_capable="false" mode="car" start="3418"/>
    <trip name="paraiso_random_walk_2740" origin="303863453" destination="1953466363" link_origin="4390" count="1" digital_rails_capable="false" mode="car" start="2712"/>
    <trip name="paraiso_random_walk_2750" origin="303863453" destination="1990911135" link_origin="4390" count="1" digital_rails_capable="false" mode="car" start="2924"/>
    <trip name="paraiso_random_walk_2770" origin="1990911135" destination="1953466363" link_origin="4349" count="1" digital_rails_capable="false" mode="car" start="2374"/>
    <trip name="paraiso_random_walk_2780" origin="303863453" destination="1953466367" link_origin="4390" count="1" digital_rails_capable="false" mode="car" start="3070"/>
    <trip name="paraiso_random_walk_2800" origin="1953466367" destination="1953466363" link_origin="4345" count="1" digital_rails_capable="false" mode="car" start="514"/>
    <trip name="paraiso_random_walk_2840" origin="1990911135" destination="1953466367" link_origin="4349" count="1" digital_rails_capable="false" mode="car" start="2423"/>
    <trip name="paraiso_random_walk_2850" origin="303863453" destination="1990934598" link_origin="4390" count="1" digital_rails_capable="false" mode="car" start="610"/>
    <trip name="paraiso_random_walk_2870" origin="303863453" destination="1990934598" link_origin="4390" count="1" digital_rails_capable="false" mode="car" start="3029"/>
    <trip name="paraiso_random_walk_2880" origin="303863453" destination="1953466367" link_origin="4390" count="1" digital_rails_capable="false" mode="car" start="852"/>
    <trip name="paraiso_random_walk_2890" origin="303863453" destination="1990911135" link_origin="4390" count="1" digital_rails_capable="false" mode="car" start="794"/>
    <trip name="paraiso_random_walk_2930" origin="303863453" destination="1953466367" link_origin="4390" count="1" digital_rails_capable="false" mode="car" start="3535"/>
    <trip name="paraiso_random_walk_2940" origin="303863453" destination="1990934598" link_origin="4390" count="1" digital_rails_capable="false" mode="car" start="2922"/>
    <trip name="paraiso_random_walk_2950" origin="303863453" destination="1953466367" link_origin="4390" count="1" digital_rails_capable="false" mode="car" start="3130"/>
    <trip name="paraiso_random_walk_2960" origin="1990911135" destination="1953466363" link_origin="4349" count="1" digital_rails_capable="false" mode="car" start="2605"/>
    <trip name="paraiso_random_walk_2990" origin="1953466367" destination="1953466363" link_origin="4345" count="1" digital_rails_capable="false" mode="car" start="2721"/>
    <trip name="paraiso_random_walk_3030" origin="303863453" destination="1953466363" link_origin="4390" count="1" digital_rails_capable="false" mode="car" start="2818"/>
    <trip name="paraiso_random_walk_3060" origin="303863453" destination="1953466367" link_origin="4390" count="1" digital_rails_capable="false" mode="car" start="3135"/>
    <trip name="paraiso_random_walk_3130" origin="303863453" destination="1953466363" link_origin="4390" count="1" digital_rails_capable="false" mode="car" start="233"/>
    <trip name="paraiso_random_walk_3170" origin="1953466367" destination="1953466363" link_origin="4345" count="1" digital_rails_capable="false" mode="car" start="2985"/>
    <trip name="paraiso_random_walk_3180" origin="303863453" destination="1990911135" link_origin="4390" count="1" digital_rails_capable="false" mode="car" start="2623"/>
    <trip name="paraiso_random_walk_3210" origin="1990911135" destination="1953466367" link_origin="4349" count="1" digital_rails_capable="false" mode="car" start="2111"/>
    <trip name="paraiso_random_walk_3320" origin="1990911135" destination="1953466363" link_origin="4349" count="1" digital_rails_capable="false" mode="car" start="2695"/>
    <trip name="paraiso_random_walk_3330" origin="303863453" destination="1990934598" link_origin="4390" count="1" digital_rails_capable="false" mode="car" start="3508"/>
    <trip name="paraiso_random_walk_3360" origin="1990911135" destination="1953466367" link_origin="4349" count="1" digital_rails_capable="false" mode="car" start="319"/>
    <trip name="paraiso_random_walk_3460" origin="303863453" destination="1990934598" link_origin="4390" count="1" digital_rails_capable="false" mode="car" start="1219"/>
    <trip name="paraiso_random_walk_3490" origin="1953466367" destination="1953466363" link_origin="4345" count="1" digital_rails_capable="false" mode="car" start="2822"/>
    <trip name="paraiso_random_walk_3520" origin="303863453" destination="1990911135" link_origin="4390" count="1" digital_rails_capable="false" mode="car" start="3320"/>
    <trip name="paraiso_random_walk_3550" origin="303863453" destination="1953466367" link_origin="4390" count="1" digital_rails_capable="false" mode="car" start="3551"/>
    <trip name="paraiso_random_walk_3570" origin="303863453" destination="1953466363" link_origin="4390" count="1" digital_rails_capable="false" mode="car" start="2879"/>
    <trip name="paraiso_random_walk_3610" origin="1953466367" destination="1953466363" link_origin="4345" count="1" digital_rails_capable="false" mode="car" start="1009"/>
    <trip name="paraiso_random_walk_3620" origin="1990911135" destination="1953466367" link_origin="4349" count="1" digital_rails_capable="false" mode="car" start="840"/>
    <trip name="paraiso_random_walk_3660" origin="303863453" destination="1953466363" link_origin="4390" count="1" digital_rails_capable="false" mode="car" start="833"/>
    <trip name="paraiso_random_walk_3670" origin="1953466367" destination="1953466363" link_origin="4345" count="1" digital_rails_capable="false" mode="car" start="3250"/>
    <trip name="paraiso_random_walk_3700" origin="303863453" destination="1953466363" link_origin="4390" count="1" digital_rails_capable="false" mode="car" start="2518"/>
    <trip name="paraiso_random_walk_3710" origin="1990911135" destination="1953466363" link_origin="4349" count="1" digital_rails_capable="false" mode="car" start="2425"/>
    <trip name="paraiso_random_walk_3730" origin="303863453" destination="1990911135" link_origin="4390" count="1" digital_rails_capable="false" mode="car" start="3525"/>
    <trip name="paraiso_random_walk_3760" origin="303863453" destination="1990911135" link_origin="4390" count="1" digital_rails_capable="false" mode="car" start="3166"/>
    <trip name="paraiso_random_walk_3770" origin="303863453" destination="1990934598" link_origin="4390" count="1" digital_rails_capable="false" mode="car" start="906"/>
    <trip name="paraiso_random_walk_3780" origin="303863453" destination="1990911135" link_origin="4390" count="1" digital_rails_capable="false" mode="car" start="3444"/>
    <trip name="paraiso_random_walk_3810" origin="303863453" destination="1990911135" link_origin="4390" count="1" digital_rails_capable="false" mode="car" start="227"/>
    <trip name="paraiso_random_walk_3830" origin="303863453" destination="1990934598" link_origin="4390" count="1" digital_rails_capable="false" mode="car" start="2712"/>
    <trip name="paraiso_random_walk_3850" origin="303863453" destination="1953466363" link_origin="4390" count="1" digital_rails_capable="false" mode="car" start="341"/>
    <trip name="paraiso_random_walk_3860" origin="303863453" destination="1990934598" link_origin="4390" count="1" digital_rails_capable="false" mode="car" start="3218"/>
    <trip name="paraiso_random_walk_3900" origin="1953466367" destination="1953466363" link_origin="4345" count="1" digital_rails_capable="false" mode="car" start="1689"/>
    <trip name="paraiso_random_walk_3920" origin="303863453" destination="1990934598" link_origin="4390" count="1" digital_rails_capable="false" mode="car" start="2185"/>
    <trip name="paraiso_random_walk_3930" origin="1953466367" destination="1953466363" link_origin="4345" count="1" digital_rails_capable="false" mode="car" start="2216"/>
    <trip name="paraiso_random_walk_3940" origin="1953466367" destination="1953466363" link_origin="4345" count="1" digital_rails_capable="false" mode="car" start="289"/>
    <trip name="paraiso_random_walk_3960" origin="1990911135" destination="1953466363" link_origin="4349" count="1" digital_rails_capable="false" mode="car" start="1016"/>
    <trip name="paraiso_random_walk_3970" origin="1990911135" destination="1953466367" link_origin="4349" count="1" digital_rails_capable="false" mode="car" start="491"/>
    <trip name="paraiso_random_walk_3990" origin="303863453" destination="1953466363" link_origin="4390" count="1" digital_rails_capable="false" mode="car" start="1463"/>
    <trip name="paraiso_random_walk_4000" origin="1990911135" destination="1953466367" link_origin="4349" count="1" digital_rails_capable="false" mode="car" start="3018"/>
    <trip name="paraiso_random_walk_4040" origin="303863453" destination="1990934598" link_origin="4390" count="1" digital_rails_capable="false" mode="car" start="2010"/>
    <trip name="paraiso_random_walk_4050" origin="1990911135" destination="1953466363" link_origin="4349" count="1" digital_rails_capable="false" mode="car" start="3273"/>
    <trip name="paraiso_random_walk_4090" origin="1990911135" destination="1953466367" link_origin="4349" count="1" digital_rails_capable="false" mode="car" start="1765"/>
    <trip name="paraiso_random_walk_4120" origin="303863453" destination="1990934598" link_origin="4390" count="1" digital_rails_capable="false" mode="car" start="3250"/>
    <trip name="paraiso_random_walk_4140" origin="303863453" destination="1990934598" link_origin="4390" count="1" digital_rails_capable="false" mode="car" start="2065"/>
    <trip name="paraiso_random_walk_4160" origin="303863453" destination="1953466363" link_origin="4390" count="1" digital_rails_capable="false" mode="car" start="503"/>
    <trip name="paraiso_random_walk_4220" origin="303863453" destination="1990911135" link_origin="4390" count="1" digital_rails_capable="false" mode="car" start="1190"/>
    <trip name="paraiso_random_walk_4260" origin="303863453" destination="1953466367" link_origin="4390" count="1" digital_rails_capable="false" mode="car" start="412"/>
    <trip name="paraiso_random_walk_4270" origin="1953466367" destination="1953466363" link_origin="4345" count="1" digital_rails_capable="false" mode="car" start="2435"/>
    <trip name="paraiso_random_walk_4280" origin="303863453" destination="1990911135" link_origin="4390" count="1" digital_rails_capable="false" mode="car" start="2349"/>
    <trip name="paraiso_random_walk_4300" origin="303863453" destination="1953466363" link_origin="4390" count="1" digital_rails_capable="false" mode="car" start="931"/>
    <trip name="paraiso_random_walk_4340" origin="303863453" destination="1990934598" link_origin="4390" count="1" digital_rails_capable="false" mode="car" start="3152"/>
    <trip name="paraiso_random_walk_4350" origin="303863453" destination="1953466367" link_origin="4390" count="1" digital_rails_capable="false" mode="car" start="1558"/>
    <trip name="paraiso_random_walk_4360" origin="303863453" destination="1953466363" link_origin="4390" count="1" digital_rails_capable="false" mode="car" start="257"/>
    <trip name="paraiso_random_walk_4400" origin="303863453" destination="1953466363" link_origin="4390" count="1" digital_rails_capable="false" mode="car" start="2165"/>
    <trip name="paraiso_random_walk_4410" origin="1953466367" destination="1953466363" link_origin="4345" count="1" digital_rails_capable="false" mode="car" start="2247"/>
    <trip name="paraiso_random_walk_4420" origin="303863453" destination="1953466363" link_origin="4390" count="1" digital_rails_capable="false" mode="car" start="323"/>
    <trip name="paraiso_random_walk_4430" origin="303863453" destination="1990911135" link_origin="4390" count="1" digital_rails_capable="false" mode="car" start="387"/>
    <trip name="paraiso_random_walk_4450" origin="303863453" destination="1990934598" link_origin="4390" count="1" digital_rails_capable="false" mode="car" start="3463"/>
    <trip name="paraiso_random_walk_4470" origin="303863453" destination="1953466367" link_origin="4390" count="1" digital_rails_capable="false" mode="car" start="1026"/>
    <trip name="paraiso_random_walk_4480" origin="303863453" destination="1990911135" link_origin="4390" count="1" digital_rails_capable="false" mode="car" start="1710"/>
    <trip name="paraiso_random_walk_4520" origin="303863453" destination="1953466367" link_origin="4390" count="1" digital_rails_capable="false" mode="car" start="3539"/>
    <trip name="paraiso_random_walk_4540" origin="303863453" destination="1990934598" link_origin="4390" count="1" digital_rails_capable="false" mode="car" start="1063"/>
    <trip name="paraiso_random_walk_4580" origin="303863453" destination="1990934598" link_origin="4390" count="1" digital_rails_capable="false" mode="car" start="91"/>
    <trip name="paraiso_random_walk_4620" origin="303863453" destination="1953466367" link_origin="4390" count="1" digital_rails_capable="false" mode="car" start="2921"/>
    <trip name="paraiso_random_walk_4630" origin="1990911135" destination="1953466363" link_origin="4349" count="1" digital_rails_capable="false" mode="car" start="865"/>
    <trip name="paraiso_random_walk_4640" origin="303863453" destination="1990911135" link_origin="4390" count="1" digital_rails_capable="false" mode="car" start="1084"/>
    <trip name="paraiso_random_walk_4660" origin="303863453" destination="1990911135" link_origin="4390" count="1" digital_rails_capable="false" mode="car" start="2984"/>
    <trip name="paraiso_random_walk_4670" origin="303863453" destination="1953466367" link_origin="4390" count="1" digital_rails_capable="false" mode="car" start="1520"/>
    <trip name="paraiso_random_walk_4690" origin="303863453" destination="1990911135" link_origin="4390" count="1" digital_rails_capable="false" mode="car" start="3248"/>
    <trip name="paraiso_random_walk_4700" origin="1990911135" destination="1953466367" link_origin="4349" count="1" digital_rails_capable="false" mode="car" start="2062"/>
    <trip name="paraiso_random_walk_4720" origin="1990911135" destination="1953466363" link_origin="4349" count="1" digital_rails_capable="false" mode="car" start="1164"/>
    <trip name="paraiso_random_walk_4750" origin="303863453" destination="1990911135" link_origin="4390" count="1" digital_rails_capable="false" mode="car" start="1483"/>
    <trip name="paraiso_random_walk_4780" origin="1990911135" destination="1953466367" link_origin="4349" count="1" digital_rails_capable="false" mode="car" start="596"/>
    <trip name="paraiso_random_walk_4790" origin="303863453" destination="1953466363" link_origin="4390" count="1" digital_rails_capable="false" mode="car" start="863"/>
    <trip name="paraiso_random_walk_4800" origin="1953466367" destination="1953466363" link_origin="4345" count="1" digital_rails_capable="false" mode="car" start="2572"/>
    <trip name="paraiso_random_walk_4810" origin="303863453" destination="1990911135" link_origin="4390" count="1" digital_rails_capable="false" mode="car" start="2818"/>
    <trip name="paraiso_random_walk_4820" origin="1953466367" destination="1953466363" link_origin="4345" count="1" digital_rails_capable="false" mode="car" start="2552"/>
    <trip name="paraiso_random_walk_4840" origin="303863453" destination="1990911135" link_origin="4390" count="1" digital_rails_capable="false" mode="car" start="2011"/>
    <trip name="paraiso_random_walk_4850" origin="1990911135" destination="1953466363" link_origin="4349" count="1" digital_rails_capable="false" mode="car" start="1360"/>
    <trip name="paraiso_random_walk_4860" origin="1953466367" destination="1953466363" link_origin="4345" count="1" digital_rails_capable="false" mode="car" start="3171"/>
    <trip name="paraiso_random_walk_4880" origin="303863453" destination="1953466367" link_origin="4390" count="1" digital_rails_capable="false" mode="car" start="2005"/>
    <trip name="paraiso_random_walk_4920" origin="303863453" destination="1990911135" link_origin="4390" count="1" digital_rails_capable="false" mode="car" start="914"/>
    <trip name="paraiso_random_walk_4940" origin="303863453" destination="1990934598" link_origin="4390" count="1" digital_rails_capable="false" mode="car" start="1681"/>
    <trip name="paraiso_random_walk_4960" origin="1953466367" destination="1953466363" link_origin="4345" count="1" digital_rails_capable="false" mode="car" start="2600"/>
    <trip name="paraiso_random_walk_4970" origin="303863453" destination="1953466367" link_origin="4390" count="1" digital_rails_capable="false" mode="car" start="99"/>
    <trip name="paraiso_random_walk_4980" origin="303863453" destination="1953466367" link_origin="4390" count="1" digital_rails_capable="false" mode="car" start="2014"/>
    <trip name="paraiso_random_walk_4990" origin="1990911135" destination="1953466363" link_origin="4349" count="1" digital_rails_capable="false" mode="car" start="3254"/>
    <trip name="paraiso_random_walk_5020" origin="303863453" destination="1990934598" link_origin="4390" count="1" digital_rails_capable="false" mode="car" start="647"/>
    <trip name="paraiso_random_walk_5040" origin="1953466367" destination="1953466363" link_origin="4345" count="1" digital_rails_capable="false" mode="car" start="1693"/>
    <trip name="paraiso_random_walk_5080" origin="1953466367" destination="1953466363" link_origin="4345" count="1" digital_rails_capable="false" mode="car" start="1653"/>
    <trip name="paraiso_random_walk_5110" origin="303863453" destination="1990911135" link_origin="4390" count="1" digital_rails_capable="false" mode="car" start="2505"/>
    <trip name="paraiso_random_walk_5120" origin="303863453" destination="1990911135" link_origin="4390" count="1" digital_rails_capable="false" mode="car" start="2400"/>
    <trip name="paraiso_random_walk_5130" origin="303863453" destination="1953466367" link_origin="4390" count="1" digital_rails_capable="false" mode="car" start="2403"/>
    <trip name="paraiso_random_walk_5140" origin="303863453" destination="1990934598" link_origin="4390" count="1" digital_rails_capable="false" mode="car" start="3346"/>
    <trip name="paraiso_random_walk_5160" origin="303863453" destination="1990934598" link_origin="4390" count="1" digital_rails_capable="false" mode="car" start="2570"/>
    <trip name="paraiso_random_walk_5180" origin="303863453" destination="1953466363" link_origin="4390" count="1" digital_rails_capable="false" mode="car" start="1760"/>
    <trip name="paraiso_random_walk_5230" origin="1990911135" destination="1953466367" link_origin="4349" count="1" digital_rails_capable="false" mode="car" start="1842"/>
    <trip name="paraiso_random_walk_5260" origin="1990911135" destination="1953466363" link_origin="4349" count="1" digital_rails_capable="false" mode="car" start="3269"/>
    <trip name="paraiso_random_walk_5290" origin="303863453" destination="1990911135" link_origin="4390" count="1" digital_rails_capable="false" mode="car" start="322"/>
    <trip name="paraiso_random_walk_5300" origin="303863453" destination="1953466367" link_origin="4390" count="1" digital_rails_capable="false" mode="car" start="3364"/>
    <trip name="paraiso_random_walk_5310" origin="303863453" destination="1990911135" link_origin="4390" count="1" digital_rails_capable="false" mode="car" start="2718"/>
    <trip name="paraiso_random_walk_5360" origin="1990911135" destination="1953466367" link_origin="4349" count="1" digital_rails_capable="false" mode="car" start="2476"/>
    <trip name="paraiso_random_walk_5370" origin="1990911135" destination="1953466363" link_origin="4349" count="1" digital_rails_capable="false" mode="car" start="2859"/>
    <trip name="paraiso_random_walk_5380" origin="1990911135" destination="1953466363" link_origin="4349" count="1" digital_rails_capable="false" mode="car" start="2817"/>
    <trip name="paraiso_random_walk_5400" origin="303863453" destination="1990934598" link_origin="4390" count="1" digital_rails_capable="false" mode="car" start="3376"/>
    <trip name="paraiso_random_walk_5430" origin="1990911135" destination="1953466367" link_origin="4349" count="1" digital_rails_capable="false" mode="car" start="670"/>
    <trip name="paraiso_random_walk_5490" origin="303863453" destination="1990911135" link_origin="4390" count="1" digital_rails_capable="false" mode="car" start="1824"/>
    <trip name="paraiso_random_walk_5500" origin="1990911135" destination="1953466367" link_origin="4349" count="1" digital_rails_capable="false" mode="car" start="2567"/>
    <trip name="paraiso_random_walk_5510" origin="303863453" destination="1953466367" link_origin="4390" count="1" digital_rails_capable="false" mode="car" start="2345"/>
    <trip name="paraiso_random_walk_5520" origin="1990911135" destination="1953466367" link_origin="4349" count="1" digital_rails_capable="false" mode="car" start="813"/>
    <trip name="paraiso_random_walk_5550" origin="1953466367" destination="1953466363" link_origin="4345" count="1" digital_rails_capable="false" mode="car" start="2105"/>
    <trip name="paraiso_random_walk_5560" origin="303863453" destination="1953466367" link_origin="4390" count="1" digital_rails_capable="false" mode="car" start="2977"/>
    <trip name="paraiso_random_walk_5590" origin="303863453" destination="1953466367" link_origin="4390" count="1" digital_rails_capable="false" mode="car" start="365"/>
    <trip name="paraiso_random_walk_5600" origin="303863453" destination="1953466363" link_origin="4390" count="1" digital_rails_capable="false" mode="car" start="3461"/>
    <trip name="paraiso_random_walk_5640" origin="303863453" destination="1953466363" link_origin="4390" count="1" digital_rails_capable="false" mode="car" start="840"/>
    <trip name="paraiso_random_walk_5700" origin="303863453" destination="1953466367" link_origin="4390" count="1" digital_rails_capable="false" mode="car" start="1565"/>
    <trip name="paraiso_random_walk_5740" origin="303863453" destination="1953466367" link_origin="4390" count="1" digital_rails_capable="false" mode="car" start="3105"/>
    <trip name="paraiso_random_walk_5750" origin="303863453" destination="1990934598" link_origin="4390" count="1" digital_rails_capable="false" mode="car" start="3293"/>
    <trip name="paraiso_random_walk_5760" origin="303863453" destination="1990934598" link_origin="4390" count="1" digital_rails_capable="false" mode="car" start="413"/>
    <trip name="paraiso_random_walk_5770" origin="303863453" destination="1990934598" link_origin="4390" count="1" digital_rails_capable="false" mode="car" start="682"/>
    <trip name="paraiso_random_walk_5830" origin="303863453" destination="1953466363" link_origin="4390" count="1" digital_rails_capable="false" mode="car" start="24"/>
    <trip name="paraiso_random_walk_5840" origin="1953466367" destination="1953466363" link_origin="4345" count="1" digital_rails_capable="false" mode="car" start="3223"/>
    <trip name="paraiso_random_walk_5870" origin="303863453" destination="1953466367" link_origin="4390" count="1" digital_rails_capable="false" mode="car" start="953"/>
    <trip name="paraiso_random_walk_5900" origin="303863453" destination="1953466367" link_origin="4390" count="1" digital_rails_capable="false" mode="car" start="393"/>
    <trip name="paraiso_random_walk_5910" origin="303863453" destination="1953466367" link_origin="4390" count="1" digital_rails_capable="false" mode="car" start="55"/>
    <trip name="paraiso_random_walk_5920" origin="1990911135" destination="1953466363" link_origin="4349" count="1" digital_rails_capable="false" mode="car" start="3087"/>
    <trip name="paraiso_random_walk_5960" origin="303863453" destination="1953466367" link_origin="4390" count="1" digital_rails_capable="false" mode="car" start="1077"/>
    <trip name="paraiso_random_walk_5970" origin="1990911135" destination="1953466363" link_origin="4349" count="1" digital_rails_capable="false" mode="car" start="3497"/>
    <trip name="paraiso_random_walk_5980" origin="303863453" destination="1990911135" link_origin="4390" count="1" digital_rails_capable="false" mode="car" start="1608"/>
    <trip name="paraiso_random_walk_5990" origin="303863453" destination="1990911135" link_origin="4390" count="1" digital_rails_capable="false" mode="car" start="2957"/>
    <trip name="paraiso_random_walk_6000" origin="303863453" destination="1953466363" link_origin="4390" count="1" digital_rails_capable="false" mode="car" start="2401"/>
    <trip name="paraiso_random_walk_6040" origin="1953466367" destination="1953466363" link_origin="4345" count="1" digital_rails_capable="false" mode="car" start="97"/>
    <trip name="paraiso_random_walk_6050" origin="303863453" destination="1990911135" link_origin="4390" count="1" digital_rails_capable="false" mode="car" start="2977"/>
    <trip name="paraiso_random_walk_6070" origin="303863453" destination="1953466367" link_origin="4390" count="1" digital_rails_capable="false" mode="car" start="2590"/>
    <trip name="paraiso_random_walk_6080" origin="1990911135" destination="1953466363" link_origin="4349" count="1" digital_rails_capable="false" mode="car" start="381"/>
    <trip name="paraiso_random_walk_6090" origin="303863453" destination="1990934598" link_origin="4390" count="1" digital_rails_capable="false" mode="car" start="3535"/>
    <trip name="paraiso_random_walk_6100" origin="1953466367" destination="1953466363" link_origin="4345" count="1" digital_rails_capable="false" mode="car" start="3275"/>
    <trip name="paraiso_random_walk_6150" origin="303863453" destination="1953466367" link_origin="4390" count="1" digital_rails_capable="false" mode="car" start="1095"/>
    <trip name="paraiso_random_walk_6160" origin="303863453" destination="1990911135" link_origin="4390" count="1" digital_rails_capable="false" mode="car" start="2552"/>
    <trip name="paraiso_random_walk_6170" origin="303863453" destination="1953466363" link_origin="4390" count="1" digital_rails_capable="false" mode="car" start="3254"/>
    <trip name="paraiso_random_walk_6230" origin="1990911135" destination="1953466367" link_origin="4349" count="1" digital_rails_capable="false" mode="car" start="2272"/>
    <trip name="paraiso_random_walk_6260" origin="1953466367" destination="1953466363" link_origin="4345" count="1" digital_rails_capable="false" mode="car" start="637"/>
    <trip name="paraiso_random_walk_6270" origin="303863453" destination="1990934598" link_origin="4390" count="1" digital_rails_capable="false" mode="car" start="2961"/>
    <trip name="paraiso_random_walk_6290" origin="1990911135" destination="1953466367" link_origin="4349" count="1" digital_rails_capable="false" mode="car" start="1985"/>
    <trip name="paraiso_random_walk_6320" origin="303863453" destination="1990934598" link_origin="4390" count="1" digital_rails_capable="false" mode="car" start="1706"/>
    <trip name="paraiso_random_walk_6340" origin="303863453" destination="1990934598" link_origin="4390" count="1" digital_rails_capable="false" mode="car" start="1252"/>
    <trip name="paraiso_random_walk_6350" origin="1990911135" destination="1953466367" link_origin="4349" count="1" digital_rails_capable="false" mode="car" start="1083"/>
    <trip name="paraiso_random_walk_6370" origin="1990911135" destination="1953466363" link_origin="4349" count="1" digital_rails_capable="false" mode="car" start="2503"/>
    <trip name="paraiso_random_walk_6430" origin="303863453" destination="1953466363" link_origin="4390" count="1" digital_rails_capable="false" mode="car" start="2757"/>
    <trip name="paraiso_random_walk_6480" origin="1953466367" destination="1953466363" link_origin="4345" count="1" digital_rails_capable="false" mode="car" start="1190"/>
    <trip name="paraiso_random_walk_6490" origin="303863453" destination="1953466367" link_origin="4390" count="1" digital_rails_capable="false" mode="car" start="2977"/>
    <trip name="paraiso_random_walk_6500" origin="303863453" destination="1953466367" link_origin="4390" count="1" digital_rails_capable="false" mode="car" start="150"/>
    <trip name="paraiso_random_walk_6530" origin="303863453" destination="1990911135" link_origin="4390" count="1" digital_rails_capable="false" mode="car" start="1106"/>
    <trip name="paraiso_random_walk_6550" origin="303863453" destination="1990934598" link_origin="4390" count="1" digital_rails_capable="false" mode="car" start="98"/>
    <trip name="paraiso_random_walk_6560" origin="303863453" destination="1990911135" link_origin="4390" count="1" digital_rails_capable="false" mode="car" start="1528"/>
    <trip name="paraiso_random_walk_6580" origin="1990911135" destination="1953466363" link_origin="4349" count="1" digital_rails_capable="false" mode="car" start="3348"/>
    <trip name="paraiso_random_walk_6610" origin="1990911135" destination="1953466367" link_origin="4349" count="1" digital_rails_capable="false" mode="car" start="1853"/>
    <trip name="paraiso_random_walk_6630" origin="303863453" destination="1953466367" link_origin="4390" count="1" digital_rails_capable="false" mode="car" start="3299"/>
    <trip name="paraiso_random_walk_6670" origin="303863453" destination="1990911135" link_origin="4390" count="1" digital_rails_capable="false" mode="car" start="1320"/>
    <trip name="paraiso_random_walk_6690" origin="303863453" destination="1953466367" link_origin="4390" count="1" digital_rails_capable="false" mode="car" start="2345"/>
    <trip name="paraiso_random_walk_6700" origin="1990911135" destination="1953466363" link_origin="4349" count="1" digital_rails_capable="false" mode="car" start="2670"/>
    <trip name="paraiso_random_walk_6740" origin="303863453" destination="1953466367" link_origin="4390" count="1" digital_rails_capable="false" mode="car" start="762"/>
    <trip name="paraiso_random_walk_6750" origin="303863453" destination="1953466367" link_origin="4390" count="1" digital_rails_capable="false" mode="car" start="2630"/>
    <trip name="paraiso_random_walk_6760" origin="303863453" destination="1953466363" link_origin="4390" count="1" digital_rails_capable="false" mode="car" start="2698"/>
    <trip name="paraiso_random_walk_6770" origin="303863453" destination="1990911135" link_origin="4390" count="1" digital_rails_capable="false" mode="car" start="2072"/>
    <trip name="paraiso_random_walk_6790" origin="303863453" destination="1990934598" link_origin="4390" count="1" digital_rails_capable="false" mode="car" start="323"/>
    <trip name="paraiso_random_walk_6810" origin="1990911135" destination="1953466367" link_origin="4349" count="1" digital_rails_capable="false" mode="car" start="3188"/>
    <trip name="paraiso_random_walk_6830" origin="303863453" destination="1953466367" link_origin="4390" count="1" digital_rails_capable="false" mode="car" start="938"/>
    <trip name="paraiso_random_walk_6880" origin="303863453" destination="1953466363" link_origin="4390" count="1" digital_rails_capable="false" mode="car" start="3394"/>
    <trip name="paraiso_random_walk_6920" origin="1990911135" destination="1953466367" link_origin="4349" count="1" digital_rails_capable="false" mode="car" start="2330"/>
    <trip name="paraiso_random_walk_6960" origin="303863453" destination="1990911135" link_origin="4390" count="1" digital_rails_capable="false" mode="car" start="2847"/>
    <trip name="paraiso_random_walk_6970" origin="303863453" destination="1953466367" link_origin="4390" count="1" digital_rails_capable="false" mode="car" start="52"/>
    <trip name="paraiso_random_walk_6980" origin="303863453" destination="1953466367" link_origin="4390" count="1" digital_rails_capable="false" mode="car" start="3009"/>
    <trip name="paraiso_random_walk_7040" origin="1990911135" destination="1953466367" link_origin="4349" count="1" digital_rails_capable="false" mode="car" start="941"/>
    <trip name="paraiso_random_walk_7050" origin="1990911135" destination="1953466367" link_origin="4349" count="1" digital_rails_capable="false" mode="car" start="872"/>
    <trip name="paraiso_random_walk_7060" origin="303863453" destination="1953466363" link_origin="4390" count="1" digital_rails_capable="false" mode="car" start="3218"/>
</scsimulator_matrix>
